,game_pk,play_id,opponent_name,gd,ab_num,event,bat_team_id,fld_team_id,ev,la,dist,pull,brl,xban,xbad,hh,bip,v,pt,pn,ab,hit,is_1b,is_2b,is_3b,is_hr,so,bb,video,eventPretty,player_name,player_id,primaryPosition.code
0,564913,096fb360-0d3c-45be-a164-93c1f521dfdc,"Crichton, Stefan",2019-09-29,62,field_out,135,109,99.2,34,377,Straightaway,0,0.373,1,1,1,77.5,CU,Curveball,1,0,0,0,0,0,0,0,"<a href=""/sporty-videos?playId=096fb360-0d3c-45be-a164-93c1f521dfdc"" target=""_blank""><img src=""/site-core/images/video.png"" class=""video"" /></a>",Field Out,Josh Naylor,647304,9
1,564913,f40e9a4c-88ca-4c24-b061-22c130884672,"Duplantier, Jon",2019-09-29,42,strikeout,135,109,,,,,,,1,0,0,84.6,CH,Changeup,1,0,0,0,0,0,1,0,"<a href=""/sporty-videos?playId=f40e9a4c-88ca-4c24-b061-22c130884672"" target=""_blank""><img src=""/site-core/images/video.png"" class=""video"" /></a>",Strikeout,Josh Naylor,647304,9
2,564913,7f53663b-d7c9-4821-bf37-079fd18aa12d,"Young, Alex",2019-09-29,29,single,135,109,95.9,9,194,Straightaway,0,0.587,1,1,1,85.3,FC,Cutter,1,1,1,0,0,0,0,0,"<a href=""/sporty-videos?playId=7f53663b-d7c9-4821-bf37-079fd18aa12d"" target=""_blank""><img src=""/site-core/images/video.png"" class=""video"" /></a>",Single,Josh Naylor,647304,9
3,564913,e73d5b3a-ea1b-407f-adb9-19e7d3c3fd0e,"Young, Alex",2019-09-29,9,single,135,109,69.9,40,226,Opposite,0,0.46,1,0,1,90.7,FF,4-Seam Fastball,1,1,1,0,0,0,0,0,"<a href=""/sporty-videos?playId=e73d5b3a-ea1b-407f-adb9-19e7d3c3fd0e"" target=""_blank""><img src=""/site-core/images/video.png"" class=""video"" /></a>",Single,Josh Naylor,647304,9
4,564912,e53fe340-23f8-454b-93f9-2ee377274746,"Ginkel, Kevin",2019-09-28,72,field_out,135,109,80.0,69,,Straightaway,0,0.0,1,0,1,93.1,FF,4-Seam Fastball,1,0,0,0,0,0,0,0,"<a href=""/sporty-videos?playId=e53fe340-23f8-454b-93f9-2ee377274746"" target=""_blank""><img src=""/site-core/images/video.png"" class=""video"" /></a>",Field Out,Josh Naylor,647304,9
5,564911,168a562f-04d6-45c9-93cc-cb7ced624e5f,"Andriese, Matt",2019-09-27,47,strikeout,135,109,,,,,,,1,0,0,87.1,CH,Changeup,1,0,0,0,0,0,1,0,"<a href=""/sporty-videos?playId=168a562f-04d6-45c9-93cc-cb7ced624e5f"" target=""_blank""><img src=""/site-core/images/video.png"" class=""video"" /></a>",Strikeout,Josh Naylor,647304,9
6,564911,28d6d5ba-d5ab-43fa-bfd6-1ae6ddf57637,"Andriese, Matt",2019-09-27,27,field_out,135,109,95.6,0,50,Straightaway,0,0.354,1,1,1,85.9,CH,Changeup,1,0,0,0,0,0,0,0,"<a href=""/sporty-videos?playId=28d6d5ba-d5ab-43fa-bfd6-1ae6ddf57637"" target=""_blank""><img src=""/site-core/images/video.png"" class=""video"" /></a>",Field Out,Josh Naylor,647304,9
7,564911,3a6e4432-6ad4-4b0d-9d07-a2597aef37a5,"Clarke, Taylor",2019-09-27,5,field_out,135,109,103.9,-18,8,Straightaway,0,0.261,1,1,1,85.4,SL,Slider,1,0,0,0,0,0,0,0,"<a href=""/sporty-videos?playId=3a6e4432-6ad4-4b0d-9d07-a2597aef37a5"" target=""_blank""><img src=""/site-core/images/video.png"" class=""video"" /></a>",Field Out,Josh Naylor,647304,9
8,566355,36f6c988-2be2-44e5-8735-e15c68b9ea97,"Kershaw, Clayton",2019-09-26,43,strikeout,135,119,,,,,,,1,0,0,88.0,SL,Slider,1,0,0,0,0,0,1,0,"<a href=""/sporty-videos?playId=36f6c988-2be2-44e5-8735-e15c68b9ea97"" target=""_blank""><img src=""/site-core/images/video.png"" class=""video"" /></a>",Strikeout,Josh Naylor,647304,9
9,566355,f6d39896-7f47-4298-90f2-4b64a67223b1,"Kershaw, Clayton",2019-09-26,22,field_out,135,119,92.2,17,313,Straightaway,0,0.673,1,0,1,88.1,SL,Slider,1,0,0,0,0,0,0,0,"<a href=""/sporty-videos?playId=f6d39896-7f47-4298-90f2-4b64a67223b1"" target=""_blank""><img src=""/site-core/images/video.png"" class=""video"" /></a>",Field Out,Josh Naylor,647304,9
10,566355,f27f6338-39c5-4cbc-b6aa-60d2f3ce89b1,"Kershaw, Clayton",2019-09-26,5,double,135,119,100.5,17,329,Pull,0,0.433,1,1,1,74.6,CU,Curveball,1,1,0,1,0,0,0,0,"<a href=""/sporty-videos?playId=f27f6338-39c5-4cbc-b6aa-60d2f3ce89b1"" target=""_blank""><img src=""/site-core/images/video.png"" class=""video"" /></a>",Double,Josh Naylor,647304,9
11,566354,b4691d18-fe92-4d83-9168-35ca9d3f01a6,"Urias, Julio",2019-09-25,64,field_out,135,119,83.1,-24,4,Straightaway,0,0.046,1,0,1,83.9,SL,Slider,1,0,0,0,0,0,0,0,"<a href=""/sporty-videos?playId=b4691d18-fe92-4d83-9168-35ca9d3f01a6"" target=""_blank""><img src=""/site-core/images/video.png"" class=""video"" /></a>",Field Out,Josh Naylor,647304,9
12,566354,d6d3a04e-0144-4a0d-be68-46d32b9e0a43,"Ferguson, Caleb",2019-09-25,51,field_out,135,119,92.6,39,322,Opposite,0,0.04,1,0,1,77.2,CU,Curveball,1,0,0,0,0,0,0,0,"<a href=""/sporty-videos?playId=d6d3a04e-0144-4a0d-be68-46d32b9e0a43"" target=""_blank""><img src=""/site-core/images/video.png"" class=""video"" /></a>",Field Out,Josh Naylor,647304,9
13,566354,94ac28e8-f910-4aed-81c0-ee611856307b,"Sadler, Casey",2019-09-25,34,single,135,119,112.5,11,227,Straightaway,0,0.86,1,1,1,89.9,FC,Cutter,1,1,1,0,0,0,0,0,"<a href=""/sporty-videos?playId=94ac28e8-f910-4aed-81c0-ee611856307b"" target=""_blank""><img src=""/site-core/images/video.png"" class=""video"" /></a>",Single,Josh Naylor,647304,9
14,566354,62a496dc-da04-4f75-9b2d-215b3b569117,"Stripling, Ross",2019-09-25,12,single,135,119,98.5,4,95,Straightaway,0,0.547,1,1,1,81.4,KC,Knuckle Curve,1,1,1,0,0,0,0,0,"<a href=""/sporty-videos?playId=62a496dc-da04-4f75-9b2d-215b3b569117"" target=""_blank""><img src=""/site-core/images/video.png"" class=""video"" /></a>",Single,Josh Naylor,647304,9
15,566352,7c6b1fad-759a-4c9e-bc8b-710d5df7fedc,"Crichton, Stefan",2019-09-22,69,strikeout,135,109,,,,,,,1,0,0,77.7,CU,Curveball,1,0,0,0,0,0,1,0,"<a href=""/sporty-videos?playId=7c6b1fad-759a-4c9e-bc8b-710d5df7fedc"" target=""_blank""><img src=""/site-core/images/video.png"" class=""video"" /></a>",Strikeout,Josh Naylor,647304,9
16,566351,8c33ea2c-2647-4746-bfb7-ef409fcfa4d5,"Crichton, Stefan",2019-09-21,42,strikeout,135,109,,,,,,,1,0,0,79.5,CU,Curveball,1,0,0,0,0,0,1,0,"<a href=""/sporty-videos?playId=8c33ea2c-2647-4746-bfb7-ef409fcfa4d5"" target=""_blank""><img src=""/site-core/images/video.png"" class=""video"" /></a>",Strikeout,Josh Naylor,647304,9
17,566351,8157d9d2-808a-4efc-8d9b-2e00f80a3dae,"Clarke, Taylor",2019-09-21,25,field_out,135,109,59.8,37,183,Straightaway,0,0.353,1,0,1,95.5,FF,4-Seam Fastball,1,0,0,0,0,0,0,0,"<a href=""/sporty-videos?playId=8157d9d2-808a-4efc-8d9b-2e00f80a3dae"" target=""_blank""><img src=""/site-core/images/video.png"" class=""video"" /></a>",Field Out,Josh Naylor,647304,9
18,566351,3a5d9c0b-02ce-40c4-920f-08c46d09cb6e,"Weaver, Luke",2019-09-21,6,field_out,135,109,91.7,-2,31,Straightaway,0,0.242,1,0,1,82.0,CH,Changeup,1,0,0,0,0,0,0,0,"<a href=""/sporty-videos?playId=3a5d9c0b-02ce-40c4-920f-08c46d09cb6e"" target=""_blank""><img src=""/site-core/images/video.png"" class=""video"" /></a>",Field Out,Josh Naylor,647304,9
19,566350,cdd29c9a-4ea8-4c09-bbad-f7d5a55d36fa,"Sherfy, Jimmie",2019-09-20,77,strikeout,135,109,,,,,,,1,0,0,79.0,SL,Slider,1,0,0,0,0,0,1,0,"<a href=""/sporty-videos?playId=cdd29c9a-4ea8-4c09-bbad-f7d5a55d36fa"" target=""_blank""><img src=""/site-core/images/video.png"" class=""video"" /></a>",Strikeout,Josh Naylor,647304,9
20,566350,74790956-9a6d-4647-b555-19465d7816e4,"Kelly, Merrill",2019-09-20,53,strikeout,135,109,,,,,,,1,0,0,81.9,CU,Curveball,1,0,0,0,0,0,1,0,"<a href=""/sporty-videos?playId=74790956-9a6d-4647-b555-19465d7816e4"" target=""_blank""><img src=""/site-core/images/video.png"" class=""video"" /></a>",Strikeout,Josh Naylor,647304,9
21,566350,82540f85-1e5d-4d33-9602-3cacefeb572a,"Kelly, Merrill",2019-09-20,36,field_out,135,109,94.3,28,354,Straightaway,0,0.247,1,0,1,87.8,CH,Changeup,1,0,0,0,0,0,0,0,"<a href=""/sporty-videos?playId=82540f85-1e5d-4d33-9602-3cacefeb572a"" target=""_blank""><img src=""/site-core/images/video.png"" class=""video"" /></a>",Field Out,Josh Naylor,647304,9
22,566350,4fb2b634-9112-4b60-a48c-b884c62fde8d,"Kelly, Merrill",2019-09-20,15,strikeout,135,109,,,,,,,1,0,0,94.9,FF,4-Seam Fastball,1,0,0,0,0,0,1,0,"<a href=""/sporty-videos?playId=4fb2b634-9112-4b60-a48c-b884c62fde8d"" target=""_blank""><img src=""/site-core/images/video.png"" class=""video"" /></a>",Strikeout,Josh Naylor,647304,9
23,567629,bd5fe381-2860-4626-9e28-d3f60b74d143,"Black, Ray",2019-09-19,68,walk,135,158,,,,,,,0,0,0,97.4,FF,4-Seam Fastball,0,0,0,0,0,0,0,1,"<a href=""/sporty-videos?playId=bd5fe381-2860-4626-9e28-d3f60b74d143"" target=""_blank""><img src=""/site-core/images/video.png"" class=""video"" /></a>",Walk,Josh Naylor,647304,9
24,567628,36ab23ca-4ca7-48bc-ba8e-b7ec80bcd025,"Williams, Devin",2019-09-18,40,field_out,135,158,84.9,40,293,Straightaway,0,0.0,1,0,1,96.3,FT,2-Seam Fastball,1,0,0,0,0,0,0,0,"<a href=""/sporty-videos?playId=36ab23ca-4ca7-48bc-ba8e-b7ec80bcd025"" target=""_blank""><img src=""/site-core/images/video.png"" class=""video"" /></a>",Field Out,Josh Naylor,647304,9
25,567628,f86795d0-479e-40b6-b871-6f431fc4eff4,"Houser, Adrian",2019-09-18,18,strikeout,135,158,,,,,,,1,0,0,96.1,FF,4-Seam Fastball,1,0,0,0,0,0,1,0,"<a href=""/sporty-videos?playId=f86795d0-479e-40b6-b871-6f431fc4eff4"" target=""_blank""><img src=""/site-core/images/video.png"" class=""video"" /></a>",Strikeout,Josh Naylor,647304,9
26,567628,881ec167-d2f3-48f5-b8ae-7064b65b4637,"Houser, Adrian",2019-09-18,2,field_out,135,158,82.0,-36,2,Pull,0,0.046,1,0,1,95.3,FT,2-Seam Fastball,1,0,0,0,0,0,0,0,"<a href=""/sporty-videos?playId=881ec167-d2f3-48f5-b8ae-7064b65b4637"" target=""_blank""><img src=""/site-core/images/video.png"" class=""video"" /></a>",Field Out,Josh Naylor,647304,9
27,567626,e22f2f48-24e0-4589-91c7-837a63553cfe,"Peralta, Freddy",2019-09-16,51,walk,135,158,,,,,,,0,0,0,95.8,FF,4-Seam Fastball,0,0,0,0,0,0,0,1,"<a href=""/sporty-videos?playId=e22f2f48-24e0-4589-91c7-837a63553cfe"" target=""_blank""><img src=""/site-core/images/video.png"" class=""video"" /></a>",Walk,Josh Naylor,647304,9
28,567626,1281c87c-dd45-4bc3-ade7-31c3b5a13909,"Davies, Zach",2019-09-16,26,field_out,135,158,103.5,6,124,Pull,0,0.607,1,1,1,81.0,CH,Changeup,1,0,0,0,0,0,0,0,"<a href=""/sporty-videos?playId=1281c87c-dd45-4bc3-ade7-31c3b5a13909"" target=""_blank""><img src=""/site-core/images/video.png"" class=""video"" /></a>",Field Out,Josh Naylor,647304,9
29,567626,ec4289b5-3217-4290-990a-f93533b7584d,"Davies, Zach",2019-09-16,9,single,135,158,102.5,-10,13,Straightaway,0,0.268,1,1,1,81.4,CH,Changeup,1,1,1,0,0,0,0,0,"<a href=""/sporty-videos?playId=ec4289b5-3217-4290-990a-f93533b7584d"" target=""_blank""><img src=""/site-core/images/video.png"" class=""video"" /></a>",Single,Josh Naylor,647304,9
30,565487,032d338d-7f9b-4d22-8619-301ad5f0cc03,"Harvey, Joe",2019-09-15,82,home_run,135,115,98.1,29,419,Straightaway,1,0.44,1,1,1,94.6,FF,4-Seam Fastball,1,1,0,0,0,1,0,0,"<a href=""/sporty-videos?playId=032d338d-7f9b-4d22-8619-301ad5f0cc03"" target=""_blank""><img src=""/site-core/images/video.png"" class=""video"" /></a>",Home Run,Josh Naylor,647304,9
31,565487,cb39536b-f288-4834-aea4-74b1dd3687d4,"Howard, Sam",2019-09-15,53,field_out,135,115,96.8,-5,27,Pull,0,0.23,1,1,1,86.5,SL,Slider,1,0,0,0,0,0,0,0,"<a href=""/sporty-videos?playId=cb39536b-f288-4834-aea4-74b1dd3687d4"" target=""_blank""><img src=""/site-core/images/video.png"" class=""video"" /></a>",Field Out,Josh Naylor,647304,9
32,565487,c6b80d5f-21de-4f96-90c9-99b5642ac32d,"Gonzalez, Chi Chi",2019-09-15,38,field_out,135,115,55.1,-51,1,Straightaway,0,0.147,1,0,1,93.9,FF,4-Seam Fastball,1,0,0,0,0,0,0,0,"<a href=""/sporty-videos?playId=c6b80d5f-21de-4f96-90c9-99b5642ac32d"" target=""_blank""><img src=""/site-core/images/video.png"" class=""video"" /></a>",Field Out,Josh Naylor,647304,9
33,565487,0bc51a74-4d29-4d2a-9113-ee0e45baf887,"Gonzalez, Chi Chi",2019-09-15,15,strikeout,135,115,,,,,,,1,0,0,93.9,FF,4-Seam Fastball,1,0,0,0,0,0,1,0,"<a href=""/sporty-videos?playId=0bc51a74-4d29-4d2a-9113-ee0e45baf887"" target=""_blank""><img src=""/site-core/images/video.png"" class=""video"" /></a>",Strikeout,Josh Naylor,647304,9
34,565487,c21b5eca-236d-4b21-a191-5dd67574c86f,"Gonzalez, Chi Chi",2019-09-15,2,field_out,135,115,86.4,30,315,Opposite,0,0.02,1,0,1,92.6,FF,4-Seam Fastball,1,0,0,0,0,0,0,0,"<a href=""/sporty-videos?playId=c21b5eca-236d-4b21-a191-5dd67574c86f"" target=""_blank""><img src=""/site-core/images/video.png"" class=""video"" /></a>",Field Out,Josh Naylor,647304,9
35,565486,7dc2061e-7214-4855-90c2-b13631e28e23,"Tinoco, Jesus",2019-09-14,85,walk,135,115,,,,,,,0,0,0,94.2,SI,Sinker,0,0,0,0,0,0,0,1,"<a href=""/sporty-videos?playId=7dc2061e-7214-4855-90c2-b13631e28e23"" target=""_blank""><img src=""/site-core/images/video.png"" class=""video"" /></a>",Walk,Josh Naylor,647304,9
36,565486,942c6e3f-c7a2-4046-bbb4-108e05076dde,"Diehl, Phillip",2019-09-14,72,double,135,115,108.6,11,253,Straightaway,0,0.893,1,1,1,91.2,FF,4-Seam Fastball,1,1,0,1,0,0,0,0,"<a href=""/sporty-videos?playId=942c6e3f-c7a2-4046-bbb4-108e05076dde"" target=""_blank""><img src=""/site-core/images/video.png"" class=""video"" /></a>",Double,Josh Naylor,647304,9
37,565486,591c6ee3-4d62-453f-93e5-9bb27df466b6,"Almonte, Yency",2019-09-14,54,single,135,115,104.9,6,160,Opposite,0,0.607,1,1,1,94.9,FF,4-Seam Fastball,1,1,1,0,0,0,0,0,"<a href=""/sporty-videos?playId=591c6ee3-4d62-453f-93e5-9bb27df466b6"" target=""_blank""><img src=""/site-core/images/video.png"" class=""video"" /></a>",Single,Josh Naylor,647304,9
38,565486,40264176-a0c8-4924-b9cb-74a9ee515ad1,"Lambert, Peter",2019-09-14,37,field_out,135,115,83.0,48,261,Straightaway,0,0.013,1,0,1,79.2,CU,Curveball,1,0,0,0,0,0,0,0,"<a href=""/sporty-videos?playId=40264176-a0c8-4924-b9cb-74a9ee515ad1"" target=""_blank""><img src=""/site-core/images/video.png"" class=""video"" /></a>",Field Out,Josh Naylor,647304,9
39,565486,e3a9dfb3-c3a6-41ec-a1c9-71836f039112,"Lambert, Peter",2019-09-14,6,field_out,135,115,100.8,-16,7,Pull,0,0.261,1,1,1,85.6,CH,Changeup,1,0,0,0,0,0,0,0,"<a href=""/sporty-videos?playId=e3a9dfb3-c3a6-41ec-a1c9-71836f039112"" target=""_blank""><img src=""/site-core/images/video.png"" class=""video"" /></a>",Field Out,Josh Naylor,647304,9
40,565485,f6c196b3-fc90-42ab-a68c-653b5ead2b9f,"Diaz, Jairo",2019-09-13,84,grounded_into_double_play,135,115,112.6,3,92,Straightaway,0,0.647,1,1,1,87.8,SL,Slider,1,0,0,0,0,0,0,0,"<a href=""/sporty-videos?playId=f6c196b3-fc90-42ab-a68c-653b5ead2b9f"" target=""_blank""><img src=""/site-core/images/video.png"" class=""video"" /></a>",Grounded Into Double Play,Josh Naylor,647304,9
41,565485,fef83629-05b7-4b95-943b-d383ddfafd76,"Johnson, DJ",2019-09-13,64,double,135,115,99.5,9,215,Opposite,0,0.66,1,1,1,94.5,FF,4-Seam Fastball,1,1,0,1,0,0,0,0,"<a href=""/sporty-videos?playId=fef83629-05b7-4b95-943b-d383ddfafd76"" target=""_blank""><img src=""/site-core/images/video.png"" class=""video"" /></a>",Double,Josh Naylor,647304,9
42,565485,b548fea9-61dc-4cd3-af5b-d75a799973dd,"Hoffman, Jeff",2019-09-13,50,single,135,115,112.9,8,185,Pull,0,0.787,1,1,1,83.6,CH,Changeup,1,1,1,0,0,0,0,0,"<a href=""/sporty-videos?playId=b548fea9-61dc-4cd3-af5b-d75a799973dd"" target=""_blank""><img src=""/site-core/images/video.png"" class=""video"" /></a>",Single,Josh Naylor,647304,9
43,565485,aea9f3c3-be15-4bef-811b-1ba6ffd3489d,"Hoffman, Jeff",2019-09-13,28,walk,135,115,,,,,,,0,0,0,93.3,FF,4-Seam Fastball,0,0,0,0,0,0,0,1,"<a href=""/sporty-videos?playId=aea9f3c3-be15-4bef-811b-1ba6ffd3489d"" target=""_blank""><img src=""/site-core/images/video.png"" class=""video"" /></a>",Walk,Josh Naylor,647304,9
44,565485,0deec8bc-a83d-403c-b0ac-d7a52390286b,"Hoffman, Jeff",2019-09-13,11,strikeout,135,115,,,,,,,1,0,0,79.1,CU,Curveball,1,0,0,0,0,0,1,0,"<a href=""/sporty-videos?playId=0deec8bc-a83d-403c-b0ac-d7a52390286b"" target=""_blank""><img src=""/site-core/images/video.png"" class=""video"" /></a>",Strikeout,Josh Naylor,647304,9
45,566349,9db05ef1-4219-44c9-bd4d-3d5aeb24f386,"Wick, Rowan",2019-09-12,69,strikeout,135,112,,,,,,,1,0,0,93.1,FF,4-Seam Fastball,1,0,0,0,0,0,1,0,"<a href=""/sporty-videos?playId=9db05ef1-4219-44c9-bd4d-3d5aeb24f386"" target=""_blank""><img src=""/site-core/images/video.png"" class=""video"" /></a>",Strikeout,Josh Naylor,647304,9
46,566349,937d5e39-7f81-4d83-9370-ac461731a14f,"Ryan, Kyle",2019-09-12,51,walk,135,112,,,,,,,0,0,0,89.6,FF,4-Seam Fastball,0,0,0,0,0,0,0,1,"<a href=""/sporty-videos?playId=937d5e39-7f81-4d83-9370-ac461731a14f"" target=""_blank""><img src=""/site-core/images/video.png"" class=""video"" /></a>",Walk,Josh Naylor,647304,9
47,566349,0a644b8c-be37-4a3e-adac-583d673ec64c,"Darvish, Yu",2019-09-12,34,strikeout,135,112,,,,,,,1,0,0,80.0,KC,Knuckle Curve,1,0,0,0,0,0,1,0,"<a href=""/sporty-videos?playId=0a644b8c-be37-4a3e-adac-583d673ec64c"" target=""_blank""><img src=""/site-core/images/video.png"" class=""video"" /></a>",Strikeout,Josh Naylor,647304,9
48,566349,d53219d8-af85-4f24-a7de-c0b36aed65be,"Darvish, Yu",2019-09-12,13,strikeout,135,112,,,,,,,1,0,0,81.6,KC,Knuckle Curve,1,0,0,0,0,0,1,0,"<a href=""/sporty-videos?playId=d53219d8-af85-4f24-a7de-c0b36aed65be"" target=""_blank""><img src=""/site-core/images/video.png"" class=""video"" /></a>",Strikeout,Josh Naylor,647304,9
49,566348,61d6d750-1bfc-46c4-9513-081cdaa077dc,"Wieck, Brad",2019-09-11,49,field_out,135,112,98.4,22,341,Opposite,0,0.4,1,1,1,93.8,FF,4-Seam Fastball,1,0,0,0,0,0,0,0,"<a href=""/sporty-videos?playId=61d6d750-1bfc-46c4-9513-081cdaa077dc"" target=""_blank""><img src=""/site-core/images/video.png"" class=""video"" /></a>",Field Out,Josh Naylor,647304,9
50,566347,a9dcfc78-f98a-4d58-94c2-052f44af930b,"Wick, Rowan",2019-09-10,79,field_out,135,112,93.1,22,307,Opposite,0,0.16,1,0,1,76.3,KC,Knuckle Curve,1,0,0,0,0,0,0,0,"<a href=""/sporty-videos?playId=a9dcfc78-f98a-4d58-94c2-052f44af930b"" target=""_blank""><img src=""/site-core/images/video.png"" class=""video"" /></a>",Field Out,Josh Naylor,647304,9
51,566346,04179b2d-108a-4114-be03-0fc334caa0aa,"Norwood, James",2019-09-09,75,field_out,135,112,86.8,24,289,Opposite,0,0.133,1,0,1,98.2,FF,4-Seam Fastball,1,0,0,0,0,0,0,0,"<a href=""/sporty-videos?playId=04179b2d-108a-4114-be03-0fc334caa0aa"" target=""_blank""><img src=""/site-core/images/video.png"" class=""video"" /></a>",Field Out,Josh Naylor,647304,9
52,566346,f8390cd6-841e-4496-846e-d14b891b81a5,"Hendricks, Kyle",2019-09-09,58,strikeout,135,112,,,,,,,1,0,0,85.4,SI,Sinker,1,0,0,0,0,0,1,0,"<a href=""/sporty-videos?playId=f8390cd6-841e-4496-846e-d14b891b81a5"" target=""_blank""><img src=""/site-core/images/video.png"" class=""video"" /></a>",Strikeout,Josh Naylor,647304,9
53,566346,5c11da46-a594-4d66-b31b-268f0e3a5b3e,"Hendricks, Kyle",2019-09-09,34,walk,135,112,,,,,,,0,0,0,86.1,FF,4-Seam Fastball,0,0,0,0,0,0,0,1,"<a href=""/sporty-videos?playId=5c11da46-a594-4d66-b31b-268f0e3a5b3e"" target=""_blank""><img src=""/site-core/images/video.png"" class=""video"" /></a>",Walk,Josh Naylor,647304,9
54,566346,01558b1d-df9d-4b82-8f9b-1ce470808350,"Hendricks, Kyle",2019-09-09,16,strikeout,135,112,,,,,,,1,0,0,88.4,SI,Sinker,1,0,0,0,0,0,1,0,"<a href=""/sporty-videos?playId=01558b1d-df9d-4b82-8f9b-1ce470808350"" target=""_blank""><img src=""/site-core/images/video.png"" class=""video"" /></a>",Strikeout,Josh Naylor,647304,9
55,566345,2ed1da88-5ee0-4d68-8161-aa64df18138b,"Johnson, DJ",2019-09-08,46,walk,135,115,,,,,,,0,0,0,83.9,CU,Curveball,0,0,0,0,0,0,0,1,"<a href=""/sporty-videos?playId=2ed1da88-5ee0-4d68-8161-aa64df18138b"" target=""_blank""><img src=""/site-core/images/video.png"" class=""video"" /></a>",Walk,Josh Naylor,647304,9
56,566345,279956fc-79b0-4a75-abdf-dead858ca9e5,"Lambert, Peter",2019-09-08,29,double,135,115,109.6,16,291,Pull,1,0.767,1,1,1,93.3,FF,4-Seam Fastball,1,1,0,1,0,0,0,0,"<a href=""/sporty-videos?playId=279956fc-79b0-4a75-abdf-dead858ca9e5"" target=""_blank""><img src=""/site-core/images/video.png"" class=""video"" /></a>",Double,Josh Naylor,647304,9
57,566345,49688832-94ad-42b2-971f-40d87983e872,"Lambert, Peter",2019-09-08,12,walk,135,115,,,,,,,0,0,0,92.7,FF,4-Seam Fastball,0,0,0,0,0,0,0,1,"<a href=""/sporty-videos?playId=49688832-94ad-42b2-971f-40d87983e872"" target=""_blank""><img src=""/site-core/images/video.png"" class=""video"" /></a>",Walk,Josh Naylor,647304,9
58,566344,63d3827f-0c2c-43b7-91fd-3b8acf803c15,"Hoffman, Jeff",2019-09-07,35,strikeout,135,115,,,,,,,1,0,0,77.1,CU,Curveball,1,0,0,0,0,0,1,0,"<a href=""/sporty-videos?playId=63d3827f-0c2c-43b7-91fd-3b8acf803c15"" target=""_blank""><img src=""/site-core/images/video.png"" class=""video"" /></a>",Strikeout,Josh Naylor,647304,9
59,566344,6ab00ef6-5b71-4227-a6a0-14e957cc99e9,"Hoffman, Jeff",2019-09-07,12,strikeout,135,115,,,,,,,1,0,0,78.6,CU,Curveball,1,0,0,0,0,0,1,0,"<a href=""/sporty-videos?playId=6ab00ef6-5b71-4227-a6a0-14e957cc99e9"" target=""_blank""><img src=""/site-core/images/video.png"" class=""video"" /></a>",Strikeout,Josh Naylor,647304,9
60,566343,db5e18af-6cb9-4468-b298-c6f5ae022d50,"Melville, Tim",2019-09-06,48,field_out,135,115,82.9,-21,,Pull,0,0.062,1,0,1,82.9,SL,Slider,1,0,0,0,0,0,0,0,"<a href=""/sporty-videos?playId=db5e18af-6cb9-4468-b298-c6f5ae022d50"" target=""_blank""><img src=""/site-core/images/video.png"" class=""video"" /></a>",Field Out,Josh Naylor,647304,9
61,566343,bb7392bd-c126-4b75-8880-1825cf66f13b,"Melville, Tim",2019-09-06,28,field_out,135,115,88.1,36,316,Pull,0,0.013,1,0,1,84.5,SL,Slider,1,0,0,0,0,0,0,0,"<a href=""/sporty-videos?playId=bb7392bd-c126-4b75-8880-1825cf66f13b"" target=""_blank""><img src=""/site-core/images/video.png"" class=""video"" /></a>",Field Out,Josh Naylor,647304,9
62,566343,c2cd1418-8616-4094-af9e-6eadb44dd644,"Melville, Tim",2019-09-06,16,field_out,135,115,80.0,69,,Opposite,0,0.0,1,0,1,77.3,CU,Curveball,1,0,0,0,0,0,0,0,"<a href=""/sporty-videos?playId=c2cd1418-8616-4094-af9e-6eadb44dd644"" target=""_blank""><img src=""/site-core/images/video.png"" class=""video"" /></a>",Field Out,Josh Naylor,647304,9
63,564901,6f7d70f3-7b53-454c-805d-f6565a62b1cf,"McFarland, T.J.",2019-09-04,67,single,135,109,89.0,13,235,Opposite,0,0.927,1,0,1,82.9,CH,Changeup,1,1,1,0,0,0,0,0,"<a href=""/sporty-videos?playId=6f7d70f3-7b53-454c-805d-f6565a62b1cf"" target=""_blank""><img src=""/site-core/images/video.png"" class=""video"" /></a>",Single,Josh Naylor,647304,9
64,564901,50894a67-ac31-4a45-8cfb-c12f37e2fb66,"Gallen, Zac",2019-09-04,45,field_out,135,109,96.7,2,72,Straightaway,0,0.507,1,1,1,92.6,FF,4-Seam Fastball,1,0,0,0,0,0,0,0,"<a href=""/sporty-videos?playId=50894a67-ac31-4a45-8cfb-c12f37e2fb66"" target=""_blank""><img src=""/site-core/images/video.png"" class=""video"" /></a>",Field Out,Josh Naylor,647304,9
65,564901,d3330525-83f5-46e4-a281-dcfcf9d8403a,"Gallen, Zac",2019-09-04,23,field_out,135,109,82.9,-21,,Pull,0,0.062,1,0,1,85.9,CH,Changeup,1,0,0,0,0,0,0,0,"<a href=""/sporty-videos?playId=d3330525-83f5-46e4-a281-dcfcf9d8403a"" target=""_blank""><img src=""/site-core/images/video.png"" class=""video"" /></a>",Field Out,Josh Naylor,647304,9
66,564901,ee6b5aa1-41ac-44d3-8614-03b560dbe1e5,"Gallen, Zac",2019-09-04,2,field_out,135,109,64.0,-55,2,Straightaway,0,0.159,1,0,1,84.1,CH,Changeup,1,0,0,0,0,0,0,0,"<a href=""/sporty-videos?playId=ee6b5aa1-41ac-44d3-8614-03b560dbe1e5"" target=""_blank""><img src=""/site-core/images/video.png"" class=""video"" /></a>",Field Out,Josh Naylor,647304,9
67,564900,16264de0-6b1b-40f9-a505-9f338943e531,"Bradley, Archie",2019-09-03,69,strikeout,135,109,,,,,,,1,0,0,95.3,FF,4-Seam Fastball,1,0,0,0,0,0,1,0,"<a href=""/sporty-videos?playId=16264de0-6b1b-40f9-a505-9f338943e531"" target=""_blank""><img src=""/site-core/images/video.png"" class=""video"" /></a>",Strikeout,Josh Naylor,647304,9
68,564899,aaa0b7bf-374c-40b2-91cd-26bebb24a3c6,"Sherfy, Jimmie",2019-09-02,87,field_out,135,109,80.0,69,,Opposite,0,0.0,1,0,1,77.8,SL,Slider,1,0,0,0,0,0,0,0,"<a href=""/sporty-videos?playId=aaa0b7bf-374c-40b2-91cd-26bebb24a3c6"" target=""_blank""><img src=""/site-core/images/video.png"" class=""video"" /></a>",Field Out,Josh Naylor,647304,9
69,564899,c715a029-c615-4353-8426-10b09156d9c7,"Duplantier, Jon",2019-09-02,73,walk,135,109,,,,,,,0,0,0,93.4,FT,2-Seam Fastball,0,0,0,0,0,0,0,1,"<a href=""/sporty-videos?playId=c715a029-c615-4353-8426-10b09156d9c7"" target=""_blank""><img src=""/site-core/images/video.png"" class=""video"" /></a>",Walk,Josh Naylor,647304,9
70,564899,30830ecf-a9f0-4e6f-a5ba-906c8076dfb3,"Leake, Mike",2019-09-02,50,single,135,109,86.3,12,199,Opposite,0,0.8,1,0,1,88.0,FC,Cutter,1,1,1,0,0,0,0,0,"<a href=""/sporty-videos?playId=30830ecf-a9f0-4e6f-a5ba-906c8076dfb3"" target=""_blank""><img src=""/site-core/images/video.png"" class=""video"" /></a>",Single,Josh Naylor,647304,9
71,564899,2a0b7b19-a663-4645-bd56-f7ed2ff61e92,"Leake, Mike",2019-09-02,32,field_out,135,109,103.1,-9,9,Pull,0,0.249,1,1,1,86.9,SI,Sinker,1,0,0,0,0,0,0,0,"<a href=""/sporty-videos?playId=2a0b7b19-a663-4645-bd56-f7ed2ff61e92"" target=""_blank""><img src=""/site-core/images/video.png"" class=""video"" /></a>",Field Out,Josh Naylor,647304,9
72,564899,4c78453d-f8ee-4677-99d4-ba0e371e7445,"Leake, Mike",2019-09-02,5,field_out,135,109,83.6,4,73,Pull,0,0.281,1,0,1,85.1,CH,Changeup,1,0,0,0,0,0,0,0,"<a href=""/sporty-videos?playId=4c78453d-f8ee-4677-99d4-ba0e371e7445"" target=""_blank""><img src=""/site-core/images/video.png"" class=""video"" /></a>",Field Out,Josh Naylor,647304,9
73,566538,e7832b41-582e-446d-8314-76f066923cd8,"Samardzija, Jeff",2019-09-01,42,field_out,135,137,62.0,-36,3,Pull,0,0.062,1,0,1,90.5,FC,Cutter,1,0,0,0,0,0,0,0,"<a href=""/sporty-videos?playId=e7832b41-582e-446d-8314-76f066923cd8"" target=""_blank""><img src=""/site-core/images/video.png"" class=""video"" /></a>",Field Out,Josh Naylor,647304,9
74,566538,38757c37-09aa-4378-8de3-954e8c53107d,"Samardzija, Jeff",2019-09-01,22,single,135,137,99.1,7,160,Straightaway,0,0.627,1,1,1,85.0,SL,Slider,1,1,1,0,0,0,0,0,"<a href=""/sporty-videos?playId=38757c37-09aa-4378-8de3-954e8c53107d"" target=""_blank""><img src=""/site-core/images/video.png"" class=""video"" /></a>",Single,Josh Naylor,647304,9
75,566538,881e527d-14a0-4d14-9982-c87e67e81cfb,"Samardzija, Jeff",2019-09-01,5,single,135,137,59.2,-48,2,Opposite,0,0.115,1,0,1,79.6,SL,Slider,1,1,1,0,0,0,0,0,"<a href=""/sporty-videos?playId=881e527d-14a0-4d14-9982-c87e67e81cfb"" target=""_blank""><img src=""/site-core/images/video.png"" class=""video"" /></a>",Single,Josh Naylor,647304,9
76,566537,564559b4-6f4b-4a81-9185-78769f221c4a,"Watson, Tony",2019-08-31,62,single,135,137,88.2,-2,36,Opposite,0,0.249,1,0,1,86.3,SL,Slider,1,1,1,0,0,0,0,0,"<a href=""/sporty-videos?playId=564559b4-6f4b-4a81-9185-78769f221c4a"" target=""_blank""><img src=""/site-core/images/video.png"" class=""video"" /></a>",Single,Josh Naylor,647304,9
77,566537,b10e1946-b2db-4002-adca-58478e941703,"Webb, Logan",2019-08-31,44,double,135,137,102.1,16,350,Straightaway,0,0.567,1,1,1,84.8,CH,Changeup,1,1,0,1,0,0,0,0,"<a href=""/sporty-videos?playId=b10e1946-b2db-4002-adca-58478e941703"" target=""_blank""><img src=""/site-core/images/video.png"" class=""video"" /></a>",Double,Josh Naylor,647304,9
78,566537,f045ea6e-9531-474a-b97b-d12a96f72a16,"Webb, Logan",2019-08-31,28,field_out,135,137,98.0,-29,4,Straightaway,0,0.153,1,1,1,84.3,CH,Changeup,1,0,0,0,0,0,0,0,"<a href=""/sporty-videos?playId=f045ea6e-9531-474a-b97b-d12a96f72a16"" target=""_blank""><img src=""/site-core/images/video.png"" class=""video"" /></a>",Field Out,Josh Naylor,647304,9
79,566537,4f8f256f-0dc8-4900-af78-1b52c503a251,"Webb, Logan",2019-08-31,5,strikeout,135,137,,,,,,,1,0,0,93.7,FF,4-Seam Fastball,1,0,0,0,0,0,1,0,"<a href=""/sporty-videos?playId=4f8f256f-0dc8-4900-af78-1b52c503a251"" target=""_blank""><img src=""/site-core/images/video.png"" class=""video"" /></a>",Strikeout,Josh Naylor,647304,9
80,566536,ecc2e389-61ad-4f5c-a3d4-91933ce283df,"Rogers, Tyler",2019-08-30,72,field_out,135,137,93.4,-27,5,Opposite,0,0.075,1,0,1,81.7,FF,4-Seam Fastball,1,0,0,0,0,0,0,0,"<a href=""/sporty-videos?playId=ecc2e389-61ad-4f5c-a3d4-91933ce283df"" target=""_blank""><img src=""/site-core/images/video.png"" class=""video"" /></a>",Field Out,Josh Naylor,647304,9
81,566535,88c3e56f-187c-46cd-8412-a8df9616feca,"Rodriguez, Dereck",2019-08-29,34,field_out,135,137,91.6,-5,26,Straightaway,0,0.255,1,0,1,91.4,FT,2-Seam Fastball,1,0,0,0,0,0,0,0,"<a href=""/sporty-videos?playId=88c3e56f-187c-46cd-8412-a8df9616feca"" target=""_blank""><img src=""/site-core/images/video.png"" class=""video"" /></a>",Field Out,Josh Naylor,647304,9
82,566535,98b65e4c-267e-4c97-a403-17f5b9949f35,"Rodriguez, Dereck",2019-08-29,17,double,135,137,81.1,27,292,Opposite,0,0.16,1,0,1,84.8,CH,Changeup,1,1,0,1,0,0,0,0,"<a href=""/sporty-videos?playId=98b65e4c-267e-4c97-a403-17f5b9949f35"" target=""_blank""><img src=""/site-core/images/video.png"" class=""video"" /></a>",Double,Josh Naylor,647304,9
83,566535,48c86309-acd9-4f5c-991b-58c1bc34a317,"Rodriguez, Dereck",2019-08-29,2,single,135,137,92.1,10,178,Straightaway,0,0.66,1,0,1,91.9,FF,4-Seam Fastball,1,1,1,0,0,0,0,0,"<a href=""/sporty-videos?playId=48c86309-acd9-4f5c-991b-58c1bc34a317"" target=""_blank""><img src=""/site-core/images/video.png"" class=""video"" /></a>",Single,Josh Naylor,647304,9
84,566342,ea4364b5-a1d0-4d23-bf01-9d466eea3d5b,"Sadler, Casey",2019-08-28,85,strikeout,135,119,,,,,,,1,0,0,82.8,CU,Curveball,1,0,0,0,0,0,1,0,"<a href=""/sporty-videos?playId=ea4364b5-a1d0-4d23-bf01-9d466eea3d5b"" target=""_blank""><img src=""/site-core/images/video.png"" class=""video"" /></a>",Strikeout,Josh Naylor,647304,9
85,566342,92b21e31-0976-4f6c-8c41-3f2b27357f99,"Baez, Pedro",2019-08-28,66,field_out,135,119,91.1,57,234,Pull,0,0.007,1,0,1,86.1,CH,Changeup,1,0,0,0,0,0,0,0,"<a href=""/sporty-videos?playId=92b21e31-0976-4f6c-8c41-3f2b27357f99"" target=""_blank""><img src=""/site-core/images/video.png"" class=""video"" /></a>",Field Out,Josh Naylor,647304,9
86,566342,8efd444f-cce0-426b-b769-4d0164b122ef,"Maeda, Kenta",2019-08-28,44,field_out,135,119,85.9,2,62,Straightaway,0,0.268,1,0,1,83.7,FS,Split-Finger,1,0,0,0,0,0,0,0,"<a href=""/sporty-videos?playId=8efd444f-cce0-426b-b769-4d0164b122ef"" target=""_blank""><img src=""/site-core/images/video.png"" class=""video"" /></a>",Field Out,Josh Naylor,647304,9
87,566342,6e4f1386-1d02-42a0-8155-f4b3e53c3b2d,"Maeda, Kenta",2019-08-28,26,double,135,119,101.3,-5,22,Opposite,0,0.335,1,1,1,92.4,SI,Sinker,1,1,0,1,0,0,0,0,"<a href=""/sporty-videos?playId=6e4f1386-1d02-42a0-8155-f4b3e53c3b2d"" target=""_blank""><img src=""/site-core/images/video.png"" class=""video"" /></a>",Double,Josh Naylor,647304,9
88,566342,ac5930c3-acd6-4539-bfdb-c07146fe1b95,"Maeda, Kenta",2019-08-28,5,field_out,135,119,92.0,-46,2,Opposite,0,0.062,1,0,1,84.5,FS,Split-Finger,1,0,0,0,0,0,0,0,"<a href=""/sporty-videos?playId=ac5930c3-acd6-4539-bfdb-c07146fe1b95"" target=""_blank""><img src=""/site-core/images/video.png"" class=""video"" /></a>",Field Out,Josh Naylor,647304,9
89,566341,8e024162-58b9-49c8-ac58-e88932aca115,"Ferguson, Caleb",2019-08-27,68,field_out,135,119,92.3,27,351,Straightaway,0,0.18,1,0,1,93.5,FF,4-Seam Fastball,1,0,0,0,0,0,0,0,"<a href=""/sporty-videos?playId=8e024162-58b9-49c8-ac58-e88932aca115"" target=""_blank""><img src=""/site-core/images/video.png"" class=""video"" /></a>",Field Out,Josh Naylor,647304,9
90,566341,f33dd54d-b7ef-4866-a5d9-60788d620f1d,"Buehler, Walker",2019-08-27,53,strikeout,135,119,,,,,,,1,0,0,80.2,KC,Knuckle Curve,1,0,0,0,0,0,1,0,"<a href=""/sporty-videos?playId=f33dd54d-b7ef-4866-a5d9-60788d620f1d"" target=""_blank""><img src=""/site-core/images/video.png"" class=""video"" /></a>",Strikeout,Josh Naylor,647304,9
91,566341,09e4a669-a8f6-4d7a-925a-980aca43d452,"Buehler, Walker",2019-08-27,23,strikeout,135,119,,,,,,,1,0,0,96.8,FF,4-Seam Fastball,1,0,0,0,0,0,1,0,"<a href=""/sporty-videos?playId=09e4a669-a8f6-4d7a-925a-980aca43d452"" target=""_blank""><img src=""/site-core/images/video.png"" class=""video"" /></a>",Strikeout,Josh Naylor,647304,9
92,566341,cf66ba8b-5416-4416-9956-1e4b780550a3,"Buehler, Walker",2019-08-27,6,single,135,119,90.3,-17,,Straightaway,0,0.135,1,0,1,80.3,KC,Knuckle Curve,1,1,1,0,0,0,0,0,"<a href=""/sporty-videos?playId=cf66ba8b-5416-4416-9956-1e4b780550a3"" target=""_blank""><img src=""/site-core/images/video.png"" class=""video"" /></a>",Single,Josh Naylor,647304,9
93,566340,72d46cd4-f795-4509-869f-40b04670236c,"May, Dustin",2019-08-26,48,single,135,119,110.3,-20,5,Straightaway,0,0.2,1,1,1,94.3,SI,Sinker,1,1,1,0,0,0,0,0,"<a href=""/sporty-videos?playId=72d46cd4-f795-4509-869f-40b04670236c"" target=""_blank""><img src=""/site-core/images/video.png"" class=""video"" /></a>",Single,Josh Naylor,647304,9
94,566340,e7eaa6a6-e699-4c60-b514-b72a8c7a8382,"May, Dustin",2019-08-26,30,field_out,135,119,81.8,-58,2,Straightaway,0,0.17,1,0,1,90.5,FC,Cutter,1,0,0,0,0,0,0,0,"<a href=""/sporty-videos?playId=e7eaa6a6-e699-4c60-b514-b72a8c7a8382"" target=""_blank""><img src=""/site-core/images/video.png"" class=""video"" /></a>",Field Out,Josh Naylor,647304,9
95,566340,9abdae65-9886-4808-a739-97621bff417d,"May, Dustin",2019-08-26,5,field_out,135,119,93.0,-32,5,Straightaway,0,0.069,1,0,1,91.7,FC,Cutter,1,0,0,0,0,0,0,0,"<a href=""/sporty-videos?playId=9abdae65-9886-4808-a739-97621bff417d"" target=""_blank""><img src=""/site-core/images/video.png"" class=""video"" /></a>",Field Out,Josh Naylor,647304,9
96,566339,022471cc-cb5d-4fae-8d73-bbd712766a68,"Walden, Marcus",2019-08-25,55,field_out,135,111,76.5,30,270,Opposite,0,0.133,1,0,1,90.9,FC,Cutter,1,0,0,0,0,0,0,0,"<a href=""/sporty-videos?playId=022471cc-cb5d-4fae-8d73-bbd712766a68"" target=""_blank""><img src=""/site-core/images/video.png"" class=""video"" /></a>",Field Out,Josh Naylor,647304,9
97,566338,a9460ffd-9d8a-4fd8-99e6-453839c77b46,"Workman, Brandon",2019-08-24,79,strikeout,135,111,,,,,,,1,0,0,78.5,KC,Knuckle Curve,1,0,0,0,0,0,1,0,"<a href=""/sporty-videos?playId=a9460ffd-9d8a-4fd8-99e6-453839c77b46"" target=""_blank""><img src=""/site-core/images/video.png"" class=""video"" /></a>",Strikeout,Josh Naylor,647304,9
98,566338,28d3460c-f974-45db-9602-c765cf1c6581,"Taylor, Josh",2019-08-24,60,force_out,135,111,78.0,-14,10,Pull,0,0.057,1,0,1,88.5,SL,Slider,1,0,0,0,0,0,0,0,"<a href=""/sporty-videos?playId=28d3460c-f974-45db-9602-c765cf1c6581"" target=""_blank""><img src=""/site-core/images/video.png"" class=""video"" /></a>",Force Out,Josh Naylor,647304,9
99,566338,d8db258f-153c-4eaf-9064-12d4b8e98230,"Hernandez, Darwinzon",2019-08-24,43,field_out,135,111,70.8,-41,2,Straightaway,0,0.088,1,0,1,96.7,FF,4-Seam Fastball,1,0,0,0,0,0,0,0,"<a href=""/sporty-videos?playId=d8db258f-153c-4eaf-9064-12d4b8e98230"" target=""_blank""><img src=""/site-core/images/video.png"" class=""video"" /></a>",Field Out,Josh Naylor,647304,9
100,566338,a2d38677-ac30-4cf6-bdeb-164f13c85068,"Eovaldi, Nathan",2019-08-24,23,field_out,135,111,80.0,69,,Straightaway,0,0.0,1,0,1,83.1,FS,Split-Finger,1,0,0,0,0,0,0,0,"<a href=""/sporty-videos?playId=a2d38677-ac30-4cf6-bdeb-164f13c85068"" target=""_blank""><img src=""/site-core/images/video.png"" class=""video"" /></a>",Field Out,Josh Naylor,647304,9
101,566338,941e23d1-3537-4a9a-b04f-e4a99164461d,"Eovaldi, Nathan",2019-08-24,5,strikeout,135,111,,,,,,,1,0,0,81.2,CU,Curveball,1,0,0,0,0,0,1,0,"<a href=""/sporty-videos?playId=941e23d1-3537-4a9a-b04f-e4a99164461d"" target=""_blank""><img src=""/site-core/images/video.png"" class=""video"" /></a>",Strikeout,Josh Naylor,647304,9
102,566337,258c05ea-cabe-46bb-9a97-f1d1cf0bdffc,"Smith, Josh A.",2019-08-23,72,field_out,135,111,106.0,-10,15,Pull,0,0.309,1,1,1,90.0,FF,4-Seam Fastball,1,0,0,0,0,0,0,0,"<a href=""/sporty-videos?playId=258c05ea-cabe-46bb-9a97-f1d1cf0bdffc"" target=""_blank""><img src=""/site-core/images/video.png"" class=""video"" /></a>",Field Out,Josh Naylor,647304,9
103,566337,5d3fdf8c-3a4c-42dc-8eb8-c686f842a1a7,"Rodriguez, Eduardo",2019-08-23,51,single,135,111,85.5,11,185,Opposite,0,0.68,1,0,1,92.4,FT,2-Seam Fastball,1,1,1,0,0,0,0,0,"<a href=""/sporty-videos?playId=5d3fdf8c-3a4c-42dc-8eb8-c686f842a1a7"" target=""_blank""><img src=""/site-core/images/video.png"" class=""video"" /></a>",Single,Josh Naylor,647304,9
104,565287,138b6c33-efdd-4886-8f7a-bbac041bdb06,"Lorenzen, Michael",2019-08-21,63,strikeout,135,113,,,,,,,1,0,0,98.4,FF,4-Seam Fastball,1,0,0,0,0,0,1,0,"<a href=""/sporty-videos?playId=138b6c33-efdd-4886-8f7a-bbac041bdb06"" target=""_blank""><img src=""/site-core/images/video.png"" class=""video"" /></a>",Strikeout,Josh Naylor,647304,9
105,565287,471b7e70-da0a-40bf-ba85-5b65c447a600,"Castillo, Luis",2019-08-21,46,field_out,135,113,56.0,-46,2,Straightaway,0,0.159,1,0,1,87.7,CH,Changeup,1,0,0,0,0,0,0,0,"<a href=""/sporty-videos?playId=471b7e70-da0a-40bf-ba85-5b65c447a600"" target=""_blank""><img src=""/site-core/images/video.png"" class=""video"" /></a>",Field Out,Josh Naylor,647304,9
106,565287,846fe614-c890-422e-8e79-2306021f17dc,"Castillo, Luis",2019-08-21,20,field_out,135,113,80.1,-6,23,Pull,0,0.115,1,0,1,87.2,CH,Changeup,1,0,0,0,0,0,0,0,"<a href=""/sporty-videos?playId=846fe614-c890-422e-8e79-2306021f17dc"" target=""_blank""><img src=""/site-core/images/video.png"" class=""video"" /></a>",Field Out,Josh Naylor,647304,9
107,565287,ea5c8259-1e0a-4449-b182-2b83eb4aa327,"Castillo, Luis",2019-08-21,2,strikeout,135,113,,,,,,,1,0,0,86.1,CH,Changeup,1,0,0,0,0,0,1,0,"<a href=""/sporty-videos?playId=ea5c8259-1e0a-4449-b182-2b83eb4aa327"" target=""_blank""><img src=""/site-core/images/video.png"" class=""video"" /></a>",Strikeout,Josh Naylor,647304,9
108,565286,f1958f7e-33a4-41a6-98ea-284273edde68,"Garrett, Amir",2019-08-20,56,walk,135,113,,,,,,,0,0,0,96.1,FT,2-Seam Fastball,0,0,0,0,0,0,0,1,"<a href=""/sporty-videos?playId=f1958f7e-33a4-41a6-98ea-284273edde68"" target=""_blank""><img src=""/site-core/images/video.png"" class=""video"" /></a>",Walk,Josh Naylor,647304,9
109,565286,a42bd52e-16db-4e48-8be3-b0f4f329b80d,"Gray, Sonny",2019-08-20,38,home_run,135,113,106.6,26,424,Straightaway,1,0.98,1,1,1,93.8,FF,4-Seam Fastball,1,1,0,0,0,1,0,0,"<a href=""/sporty-videos?playId=a42bd52e-16db-4e48-8be3-b0f4f329b80d"" target=""_blank""><img src=""/site-core/images/video.png"" class=""video"" /></a>",Home Run,Josh Naylor,647304,9
110,565286,782911ec-42b2-4330-a2e3-bbc0cacf6547,"Gray, Sonny",2019-08-20,19,grounded_into_double_play,135,113,115.1,-5,22,Pull,0,0.473,1,1,1,94.0,FF,4-Seam Fastball,1,0,0,0,0,0,0,0,"<a href=""/sporty-videos?playId=782911ec-42b2-4330-a2e3-bbc0cacf6547"" target=""_blank""><img src=""/site-core/images/video.png"" class=""video"" /></a>",Grounded Into Double Play,Josh Naylor,647304,9
111,565286,cfbfcab3-85f1-49bc-8ce0-32281019a5ad,"Gray, Sonny",2019-08-20,2,single,135,113,104.8,1,89,Straightaway,0,0.447,1,1,1,93.5,FF,4-Seam Fastball,1,1,1,0,0,0,0,0,"<a href=""/sporty-videos?playId=cfbfcab3-85f1-49bc-8ce0-32281019a5ad"" target=""_blank""><img src=""/site-core/images/video.png"" class=""video"" /></a>",Single,Josh Naylor,647304,9
112,565285,b6e136a0-9a2c-4c8f-89a9-1782db8bbb07,"Bauer, Trevor",2019-08-19,38,field_error,135,113,94.0,25,332,Opposite,0,0.227,1,0,1,95.7,FF,4-Seam Fastball,1,0,0,0,0,0,0,0,"<a href=""/sporty-videos?playId=b6e136a0-9a2c-4c8f-89a9-1782db8bbb07"" target=""_blank""><img src=""/site-core/images/video.png"" class=""video"" /></a>",Field Error,Josh Naylor,647304,9
113,565285,7f6fa9c9-6a75-47d2-80ed-409879f1d025,"Bauer, Trevor",2019-08-19,20,strikeout,135,113,,,,,,,1,0,0,79.8,KC,Knuckle Curve,1,0,0,0,0,0,1,0,"<a href=""/sporty-videos?playId=7f6fa9c9-6a75-47d2-80ed-409879f1d025"" target=""_blank""><img src=""/site-core/images/video.png"" class=""video"" /></a>",Strikeout,Josh Naylor,647304,9
114,565285,3e835a17-ad14-4757-b0d4-d80e6f541791,"Bauer, Trevor",2019-08-19,2,walk,135,113,,,,,,,0,0,0,94.8,FF,4-Seam Fastball,0,0,0,0,0,0,0,1,"<a href=""/sporty-videos?playId=3e835a17-ad14-4757-b0d4-d80e6f541791"" target=""_blank""><img src=""/site-core/images/video.png"" class=""video"" /></a>",Walk,Josh Naylor,647304,9
115,567124,e025697e-b053-4705-ad9f-191072d5f642,"Morin, Mike",2019-08-18,56,field_out,135,143,64.0,49,180,Straightaway,0,0.153,1,0,1,72.6,CH,Changeup,1,0,0,0,0,0,0,0,"<a href=""/sporty-videos?playId=e025697e-b053-4705-ad9f-191072d5f642"" target=""_blank""><img src=""/site-core/images/video.png"" class=""video"" /></a>",Field Out,Josh Naylor,647304,9
116,567124,74a13019-93f2-4a2b-967d-2b9038478aa3,"Vargas, Jason",2019-08-18,35,field_out,135,143,70.0,-10,11,Pull,0,0.082,1,0,1,66.9,KC,Knuckle Curve,1,0,0,0,0,0,0,0,"<a href=""/sporty-videos?playId=74a13019-93f2-4a2b-967d-2b9038478aa3"" target=""_blank""><img src=""/site-core/images/video.png"" class=""video"" /></a>",Field Out,Josh Naylor,647304,9
117,567124,f62ce4a1-512f-4a61-a557-05ec85beb74c,"Vargas, Jason",2019-08-18,19,strikeout,135,143,,,,,,,1,0,0,69.9,KC,Knuckle Curve,1,0,0,0,0,0,1,0,"<a href=""/sporty-videos?playId=f62ce4a1-512f-4a61-a557-05ec85beb74c"" target=""_blank""><img src=""/site-core/images/video.png"" class=""video"" /></a>",Strikeout,Josh Naylor,647304,9
118,567124,7e1e4931-7fed-4b90-8d8a-d76a7fa22bfc,"Vargas, Jason",2019-08-18,2,field_out,135,143,98.1,26,381,Straightaway,1,0.473,1,1,1,83.4,FT,2-Seam Fastball,1,0,0,0,0,0,0,0,"<a href=""/sporty-videos?playId=7e1e4931-7fed-4b90-8d8a-d76a7fa22bfc"" target=""_blank""><img src=""/site-core/images/video.png"" class=""video"" /></a>",Field Out,Josh Naylor,647304,9
119,567123,ce7fc796-e6a7-48db-bae1-f7ed2ab6f57c,"Alvarez, Jose",2019-08-17,70,field_out,135,143,96.9,-12,11,Straightaway,0,0.206,1,1,1,91.6,FT,2-Seam Fastball,1,0,0,0,0,0,0,0,"<a href=""/sporty-videos?playId=ce7fc796-e6a7-48db-bae1-f7ed2ab6f57c"" target=""_blank""><img src=""/site-core/images/video.png"" class=""video"" /></a>",Field Out,Josh Naylor,647304,9
120,567123,6b6dc5f7-68df-4b07-bbaf-9c118e744f51,"Suarez, Ranger",2019-08-17,50,field_out,135,143,79.3,-16,8,Pull,0,0.037,1,0,1,91.6,FT,2-Seam Fastball,1,0,0,0,0,0,0,0,"<a href=""/sporty-videos?playId=6b6dc5f7-68df-4b07-bbaf-9c118e744f51"" target=""_blank""><img src=""/site-core/images/video.png"" class=""video"" /></a>",Field Out,Josh Naylor,647304,9
121,567123,14bea09a-d1ce-498b-8397-229b280166c2,"Eflin, Zach",2019-08-17,34,double,135,143,86.3,19,263,Opposite,0,0.7,1,0,1,94.2,FF,4-Seam Fastball,1,1,0,1,0,0,0,0,"<a href=""/sporty-videos?playId=14bea09a-d1ce-498b-8397-229b280166c2"" target=""_blank""><img src=""/site-core/images/video.png"" class=""video"" /></a>",Double,Josh Naylor,647304,9
122,567123,53b7ac83-5e9d-4678-b3f1-ace69958a918,"Eflin, Zach",2019-08-17,21,walk,135,143,,,,,,,0,0,0,86.9,SL,Slider,0,0,0,0,0,0,0,1,"<a href=""/sporty-videos?playId=53b7ac83-5e9d-4678-b3f1-ace69958a918"" target=""_blank""><img src=""/site-core/images/video.png"" class=""video"" /></a>",Walk,Josh Naylor,647304,9
123,567123,21a661a2-bbca-4274-9e31-4e1793528e2c,"Eflin, Zach",2019-08-17,2,walk,135,143,,,,,,,0,0,0,93.9,FT,2-Seam Fastball,0,0,0,0,0,0,0,1,"<a href=""/sporty-videos?playId=21a661a2-bbca-4274-9e31-4e1793528e2c"" target=""_blank""><img src=""/site-core/images/video.png"" class=""video"" /></a>",Walk,Josh Naylor,647304,9
124,567122,01e6be54-07cb-49da-9230-4b986361d3cf,"Alvarez, Jose",2019-08-16,65,double,135,143,101.1,-11,13,Pull,0,0.249,1,1,1,81.3,CH,Changeup,1,1,0,1,0,0,0,0,"<a href=""/sporty-videos?playId=01e6be54-07cb-49da-9230-4b986361d3cf"" target=""_blank""><img src=""/site-core/images/video.png"" class=""video"" /></a>",Double,Josh Naylor,647304,9
125,567122,6e25c7f7-d5d5-4514-8572-ea75ca0fa0ed,"Velasquez, Vince",2019-08-16,45,single,135,143,80.8,12,190,Straightaway,0,0.567,1,0,1,94.0,FF,4-Seam Fastball,1,1,1,0,0,0,0,0,"<a href=""/sporty-videos?playId=6e25c7f7-d5d5-4514-8572-ea75ca0fa0ed"" target=""_blank""><img src=""/site-core/images/video.png"" class=""video"" /></a>",Single,Josh Naylor,647304,9
126,567122,b2956dcd-faef-456c-8f46-3c09793e5a46,"Velasquez, Vince",2019-08-16,20,field_out,135,143,77.8,51,226,Straightaway,0,0.047,1,0,1,94.7,FF,4-Seam Fastball,1,0,0,0,0,0,0,0,"<a href=""/sporty-videos?playId=b2956dcd-faef-456c-8f46-3c09793e5a46"" target=""_blank""><img src=""/site-core/images/video.png"" class=""video"" /></a>",Field Out,Josh Naylor,647304,9
127,567122,5465f38d-f985-4b36-89b8-7e04bb114cbf,"Velasquez, Vince",2019-08-16,2,single,135,143,89.5,2,78,Straightaway,0,0.388,1,0,1,93.7,FF,4-Seam Fastball,1,1,1,0,0,0,0,0,"<a href=""/sporty-videos?playId=5465f38d-f985-4b36-89b8-7e04bb114cbf"" target=""_blank""><img src=""/site-core/images/video.png"" class=""video"" /></a>",Single,Josh Naylor,647304,9
128,566336,61d5de00-866b-4b34-8658-06600a8da894,"Poche, Colin",2019-08-14,66,field_out,135,139,85.7,54,233,Straightaway,0,0.007,1,0,1,93.0,FF,4-Seam Fastball,1,0,0,0,0,0,0,0,"<a href=""/sporty-videos?playId=61d5de00-866b-4b34-8658-06600a8da894"" target=""_blank""><img src=""/site-core/images/video.png"" class=""video"" /></a>",Field Out,Josh Naylor,647304,9
129,566335,6db8dd78-ab52-43b6-acd3-170d6c758276,"Alvarado, Jose",2019-08-13,76,strikeout,135,139,,,,,,,1,0,0,91.3,FC,Cutter,1,0,0,0,0,0,1,0,"<a href=""/sporty-videos?playId=6db8dd78-ab52-43b6-acd3-170d6c758276"" target=""_blank""><img src=""/site-core/images/video.png"" class=""video"" /></a>",Strikeout,Josh Naylor,647304,9
130,566334,35d2df58-2e65-4bb1-af25-c5674edcd09d,"Kittredge, Andrew",2019-08-12,87,field_out,135,139,82.9,-21,,Pull,0,0.062,1,0,1,95.0,FT,2-Seam Fastball,1,0,0,0,0,0,0,0,"<a href=""/sporty-videos?playId=35d2df58-2e65-4bb1-af25-c5674edcd09d"" target=""_blank""><img src=""/site-core/images/video.png"" class=""video"" /></a>",Field Out,Josh Naylor,647304,9
131,566334,86db50a2-7638-4a12-a31d-1134a8a79400,"Drake, Oliver",2019-08-12,63,field_out,135,139,106.1,-2,35,Pull,0,0.473,1,1,1,82.3,FS,Split-Finger,1,0,0,0,0,0,0,0,"<a href=""/sporty-videos?playId=86db50a2-7638-4a12-a31d-1134a8a79400"" target=""_blank""><img src=""/site-core/images/video.png"" class=""video"" /></a>",Field Out,Josh Naylor,647304,9
132,566334,2594ba05-4d2d-4db3-b950-df98035ccdd6,"Pruitt, Austin",2019-08-12,42,strikeout,135,139,,,,,,,1,0,0,87.5,SL,Slider,1,0,0,0,0,0,1,0,"<a href=""/sporty-videos?playId=2594ba05-4d2d-4db3-b950-df98035ccdd6"" target=""_blank""><img src=""/site-core/images/video.png"" class=""video"" /></a>",Strikeout,Josh Naylor,647304,9
133,566334,5a7c2bf3-0e39-443f-b4fb-6fe2b05dd065,"Pruitt, Austin",2019-08-12,20,single,135,139,87.7,11,187,Opposite,0,0.72,1,0,1,92.5,FF,4-Seam Fastball,1,1,1,0,0,0,0,0,"<a href=""/sporty-videos?playId=5a7c2bf3-0e39-443f-b4fb-6fe2b05dd065"" target=""_blank""><img src=""/site-core/images/video.png"" class=""video"" /></a>",Single,Josh Naylor,647304,9
134,566334,804cfaa2-748a-4111-905b-4962b70106af,"Castillo, Diego",2019-08-12,8,field_out,135,139,81.9,-41,3,Straightaway,0,0.037,1,0,1,98.7,SI,Sinker,1,0,0,0,0,0,0,0,"<a href=""/sporty-videos?playId=804cfaa2-748a-4111-905b-4962b70106af"" target=""_blank""><img src=""/site-core/images/video.png"" class=""video"" /></a>",Field Out,Josh Naylor,647304,9
135,566333,259bcc60-2317-4200-810e-8a2f9dbfa13c,"Marquez, German",2019-08-11,68,field_out,135,115,92.0,55,238,Opposite,0,0.0,1,0,1,97.3,FF,4-Seam Fastball,1,0,0,0,0,0,0,0,"<a href=""/sporty-videos?playId=259bcc60-2317-4200-810e-8a2f9dbfa13c"" target=""_blank""><img src=""/site-core/images/video.png"" class=""video"" /></a>",Field Out,Josh Naylor,647304,9
136,566333,acfe8add-f66a-47ed-bd7c-e59784828693,"Marquez, German",2019-08-11,49,field_out,135,115,100.0,-13,13,Straightaway,0,0.236,1,1,1,96.3,FT,2-Seam Fastball,1,0,0,0,0,0,0,0,"<a href=""/sporty-videos?playId=acfe8add-f66a-47ed-bd7c-e59784828693"" target=""_blank""><img src=""/site-core/images/video.png"" class=""video"" /></a>",Field Out,Josh Naylor,647304,9
137,566333,acf8279d-657e-4bf0-813c-7182a0fec53c,"Marquez, German",2019-08-11,25,home_run,135,115,104.7,28,416,Straightaway,1,0.967,1,1,1,86.4,KC,Knuckle Curve,1,1,0,0,0,1,0,0,"<a href=""/sporty-videos?playId=acf8279d-657e-4bf0-813c-7182a0fec53c"" target=""_blank""><img src=""/site-core/images/video.png"" class=""video"" /></a>",Home Run,Josh Naylor,647304,9
138,566333,f594a049-230e-46b6-a755-0f7c3b928e55,"Marquez, German",2019-08-11,7,field_out,135,115,92.6,21,338,Opposite,0,0.16,1,0,1,94.7,FT,2-Seam Fastball,1,0,0,0,0,0,0,0,"<a href=""/sporty-videos?playId=f594a049-230e-46b6-a755-0f7c3b928e55"" target=""_blank""><img src=""/site-core/images/video.png"" class=""video"" /></a>",Field Out,Josh Naylor,647304,9
139,566332,42223118-f9a7-4386-a8ef-e4a6c0899821,"McGee, Jake",2019-08-10,73,field_out,135,115,75.5,-66,1,Pull,0,0.249,1,0,1,80.8,SL,Slider,1,0,0,0,0,0,0,0,"<a href=""/sporty-videos?playId=42223118-f9a7-4386-a8ef-e4a6c0899821"" target=""_blank""><img src=""/site-core/images/video.png"" class=""video"" /></a>",Field Out,Josh Naylor,647304,9
140,566332,bb4abc49-3f72-4a18-a378-d533b9ee9fbd,"Diaz, Jairo",2019-08-10,59,strikeout,135,115,,,,,,,1,0,0,87.9,SL,Slider,1,0,0,0,0,0,1,0,"<a href=""/sporty-videos?playId=bb4abc49-3f72-4a18-a378-d533b9ee9fbd"" target=""_blank""><img src=""/site-core/images/video.png"" class=""video"" /></a>",Strikeout,Josh Naylor,647304,9
141,566332,36f424da-f52d-419e-9b12-41411ba4ccba,"Gonzalez, Chi Chi",2019-08-10,38,double,135,115,105.8,1,60,Straightaway,0,0.46,1,1,1,91.5,FF,4-Seam Fastball,1,1,0,1,0,0,0,0,"<a href=""/sporty-videos?playId=36f424da-f52d-419e-9b12-41411ba4ccba"" target=""_blank""><img src=""/site-core/images/video.png"" class=""video"" /></a>",Double,Josh Naylor,647304,9
142,566332,700e7ad6-f466-4b30-8732-ba9b0728867f,"Gonzalez, Chi Chi",2019-08-10,22,walk,135,115,,,,,,,0,0,0,89.2,FT,2-Seam Fastball,0,0,0,0,0,0,0,1,"<a href=""/sporty-videos?playId=700e7ad6-f466-4b30-8732-ba9b0728867f"" target=""_blank""><img src=""/site-core/images/video.png"" class=""video"" /></a>",Walk,Josh Naylor,647304,9
143,566332,1344871e-8bc2-4044-95b7-ef43a171b290,"Gonzalez, Chi Chi",2019-08-10,5,walk,135,115,,,,,,,0,0,0,84.5,FC,Cutter,0,0,0,0,0,0,0,1,"<a href=""/sporty-videos?playId=1344871e-8bc2-4044-95b7-ef43a171b290"" target=""_blank""><img src=""/site-core/images/video.png"" class=""video"" /></a>",Walk,Josh Naylor,647304,9
144,566331,d536ffc4-1ab4-4f2d-9133-d721c175a0a1,"Oberg, Scott",2019-08-09,65,home_run,135,115,110.5,19,392,Pull,1,0.927,1,1,1,94.3,FF,4-Seam Fastball,1,1,0,0,0,1,0,0,"<a href=""/sporty-videos?playId=d536ffc4-1ab4-4f2d-9133-d721c175a0a1"" target=""_blank""><img src=""/site-core/images/video.png"" class=""video"" /></a>",Home Run,Josh Naylor,647304,9
145,566330,02772f99-f449-4de3-90e8-0eba06d06a77,"Gray, Jon",2019-08-08,52,walk,135,115,,,,,,,0,0,0,88.5,SL,Slider,0,0,0,0,0,0,0,1,"<a href=""/sporty-videos?playId=02772f99-f449-4de3-90e8-0eba06d06a77"" target=""_blank""><img src=""/site-core/images/video.png"" class=""video"" /></a>",Walk,Josh Naylor,647304,9
146,566330,767d1fe5-efd1-49b8-b4da-9ec514bf3856,"Gray, Jon",2019-08-08,34,field_out,135,115,88.7,-3,21,Pull,0,0.218,1,0,1,77.4,CU,Curveball,1,0,0,0,0,0,0,0,"<a href=""/sporty-videos?playId=767d1fe5-efd1-49b8-b4da-9ec514bf3856"" target=""_blank""><img src=""/site-core/images/video.png"" class=""video"" /></a>",Field Out,Josh Naylor,647304,9
147,566330,a3cbf8e8-6b51-4b73-9cca-8ae66529f545,"Gray, Jon",2019-08-08,12,field_out,135,115,102.8,5,141,Straightaway,0,0.607,1,1,1,94.8,FF,4-Seam Fastball,1,0,0,0,0,0,0,0,"<a href=""/sporty-videos?playId=a3cbf8e8-6b51-4b73-9cca-8ae66529f545"" target=""_blank""><img src=""/site-core/images/video.png"" class=""video"" /></a>",Field Out,Josh Naylor,647304,9
148,566431,d0f9de54-7d6b-49c5-807d-3627efaea823,"Bass, Anthony",2019-08-07,68,force_out,135,136,73.0,-13,11,Pull,0,0.051,1,0,1,85.2,FS,Split-Finger,1,0,0,0,0,0,0,0,"<a href=""/sporty-videos?playId=d0f9de54-7d6b-49c5-807d-3627efaea823"" target=""_blank""><img src=""/site-core/images/video.png"" class=""video"" /></a>",Force Out,Josh Naylor,647304,9
149,566430,e6b0a78b-329e-406a-8783-d9136b477c1f,"Swanson, Erik",2019-08-06,59,home_run,135,136,98.7,23,362,Opposite,0,0.553,1,1,1,93.3,FF,4-Seam Fastball,1,1,0,0,0,1,0,0,"<a href=""/sporty-videos?playId=e6b0a78b-329e-406a-8783-d9136b477c1f"" target=""_blank""><img src=""/site-core/images/video.png"" class=""video"" /></a>",Home Run,Josh Naylor,647304,9
150,566430,ff90faf4-f41c-4abe-bbc2-96d369757a85,"LeBlanc, Wade",2019-08-06,42,field_out,135,136,80.0,69,,Opposite,0,0.0,1,0,1,85.5,FC,Cutter,1,0,0,0,0,0,0,0,"<a href=""/sporty-videos?playId=ff90faf4-f41c-4abe-bbc2-96d369757a85"" target=""_blank""><img src=""/site-core/images/video.png"" class=""video"" /></a>",Field Out,Josh Naylor,647304,9
151,566430,0f1882e2-3353-454b-a720-d7b30132b8c5,"LeBlanc, Wade",2019-08-06,30,single,135,136,80.0,6,95,Opposite,0,0.295,1,0,1,85.0,FT,2-Seam Fastball,1,1,1,0,0,0,0,0,"<a href=""/sporty-videos?playId=0f1882e2-3353-454b-a720-d7b30132b8c5"" target=""_blank""><img src=""/site-core/images/video.png"" class=""video"" /></a>",Single,Josh Naylor,647304,9
152,566430,2c9df19f-4e2f-48f9-83da-dc1881c4e03e,"LeBlanc, Wade",2019-08-06,9,strikeout,135,136,,,,,,,1,0,0,87.2,FF,4-Seam Fastball,1,0,0,0,0,0,1,0,"<a href=""/sporty-videos?playId=2c9df19f-4e2f-48f9-83da-dc1881c4e03e"" target=""_blank""><img src=""/site-core/images/video.png"" class=""video"" /></a>",Strikeout,Josh Naylor,647304,9
153,565856,d078c244-fdaf-4408-9bdc-13c1691b82d9,"Urias, Julio",2019-08-04,46,single,135,119,104.3,18,381,Pull,0,0.547,1,1,1,94.2,FF,4-Seam Fastball,1,1,1,0,0,0,0,0,"<a href=""/sporty-videos?playId=d078c244-fdaf-4408-9bdc-13c1691b82d9"" target=""_blank""><img src=""/site-core/images/video.png"" class=""video"" /></a>",Single,Josh Naylor,647304,9
154,565856,9329bc5b-ce42-4592-85df-b5acc3841e84,"Kolarek, Adam",2019-08-04,24,field_out,135,119,61.6,-12,9,Pull,0,0.046,1,0,1,88.4,SI,Sinker,1,0,0,0,0,0,0,0,"<a href=""/sporty-videos?playId=9329bc5b-ce42-4592-85df-b5acc3841e84"" target=""_blank""><img src=""/site-core/images/video.png"" class=""video"" /></a>",Field Out,Josh Naylor,647304,9
155,565856,4af2a85d-b848-4bb2-9812-02db4e9291b9,"Maeda, Kenta",2019-08-04,9,field_out,135,119,89.7,-26,5,Straightaway,0,0.057,1,0,1,85.1,FS,Split-Finger,1,0,0,0,0,0,0,0,"<a href=""/sporty-videos?playId=4af2a85d-b848-4bb2-9812-02db4e9291b9"" target=""_blank""><img src=""/site-core/images/video.png"" class=""video"" /></a>",Field Out,Josh Naylor,647304,9
156,565855,3f4738be-758b-46a8-9211-d90f2ba9b4d3,"Buehler, Walker",2019-08-03,49,field_out,135,119,99.0,0,47,Pull,0,0.493,1,1,1,94.4,FC,Cutter,1,0,0,0,0,0,0,0,"<a href=""/sporty-videos?playId=3f4738be-758b-46a8-9211-d90f2ba9b4d3"" target=""_blank""><img src=""/site-core/images/video.png"" class=""video"" /></a>",Field Out,Josh Naylor,647304,9
157,565855,d8103820-992d-4338-bad7-ab084936afd0,"Buehler, Walker",2019-08-03,29,strikeout,135,119,,,,,,,1,0,0,93.5,FC,Cutter,1,0,0,0,0,0,1,0,"<a href=""/sporty-videos?playId=d8103820-992d-4338-bad7-ab084936afd0"" target=""_blank""><img src=""/site-core/images/video.png"" class=""video"" /></a>",Strikeout,Josh Naylor,647304,9
158,565855,65bce883-42cd-4bb8-89a4-ad24ff7b221c,"Buehler, Walker",2019-08-03,9,strikeout,135,119,,,,,,,1,0,0,94.6,FC,Cutter,1,0,0,0,0,0,1,0,"<a href=""/sporty-videos?playId=65bce883-42cd-4bb8-89a4-ad24ff7b221c"" target=""_blank""><img src=""/site-core/images/video.png"" class=""video"" /></a>",Strikeout,Josh Naylor,647304,9
159,565854,7bee699d-6609-433f-a05c-fd66fd9e404f,"Sadler, Casey",2019-08-02,57,walk,135,119,,,,,,,0,0,0,81.6,CU,Curveball,0,0,0,0,0,0,0,1,"<a href=""/sporty-videos?playId=7bee699d-6609-433f-a05c-fd66fd9e404f"" target=""_blank""><img src=""/site-core/images/video.png"" class=""video"" /></a>",Walk,Josh Naylor,647304,9
160,565854,d50543a4-1b29-40d9-bd9f-1c91e6727ff6,"May, Dustin",2019-08-02,42,double,135,119,99.3,24,395,Straightaway,0,0.547,1,1,1,93.8,SI,Sinker,1,1,0,1,0,0,0,0,"<a href=""/sporty-videos?playId=d50543a4-1b29-40d9-bd9f-1c91e6727ff6"" target=""_blank""><img src=""/site-core/images/video.png"" class=""video"" /></a>",Double,Josh Naylor,647304,9
161,565854,b1aeed98-0ed2-4c55-899f-91319ca8c0f6,"May, Dustin",2019-08-02,29,field_out,135,119,106.1,-22,5,Straightaway,0,0.182,1,1,1,97.2,SI,Sinker,1,0,0,0,0,0,0,0,"<a href=""/sporty-videos?playId=b1aeed98-0ed2-4c55-899f-91319ca8c0f6"" target=""_blank""><img src=""/site-core/images/video.png"" class=""video"" /></a>",Field Out,Josh Naylor,647304,9
162,565854,e294f1fd-4138-433f-b675-879994c62f70,"May, Dustin",2019-08-02,9,fielders_choice,135,119,75.7,-19,5,Pull,0,0.033,1,0,1,83.7,CU,Curveball,1,0,0,0,0,0,0,0,"<a href=""/sporty-videos?playId=e294f1fd-4138-433f-b675-879994c62f70"" target=""_blank""><img src=""/site-core/images/video.png"" class=""video"" /></a>",Fielders Choice,Josh Naylor,647304,9
163,565853,2a457375-ed30-4d3e-85ae-586feba4e578,"Floro, Dylan",2019-08-01,67,field_out,135,119,103.8,-10,15,Straightaway,0,0.281,1,1,1,92.7,SI,Sinker,1,0,0,0,0,0,0,0,"<a href=""/sporty-videos?playId=2a457375-ed30-4d3e-85ae-586feba4e578"" target=""_blank""><img src=""/site-core/images/video.png"" class=""video"" /></a>",Field Out,Josh Naylor,647304,9
164,565176,35f9d30b-19e3-446e-8f62-a17713eaec1c,"Strop, Pedro",2019-07-20,68,field_out,135,112,82.9,-21,,Pull,0,0.062,1,0,1,88.1,FS,Split-Finger,1,0,0,0,0,0,0,0,"<a href=""/sporty-videos?playId=35f9d30b-19e3-446e-8f62-a17713eaec1c"" target=""_blank""><img src=""/site-core/images/video.png"" class=""video"" /></a>",Field Out,Josh Naylor,647304,9
165,565175,d1bd3eb1-5dc9-4e61-b615-a42403320f8d,"Strop, Pedro",2019-07-19,64,home_run,135,112,109.4,18,448,Straightaway,1,1.0,1,1,1,93.8,FT,2-Seam Fastball,1,1,0,0,0,1,0,0,"<a href=""/sporty-videos?playId=d1bd3eb1-5dc9-4e61-b615-a42403320f8d"" target=""_blank""><img src=""/site-core/images/video.png"" class=""video"" /></a>",Home Run,Josh Naylor,647304,9
166,567408,74884979-6955-4f55-a8e8-661ae59eaa7b,"Romo, Sergio",2019-07-18,73,strikeout,135,146,,,,,,,1,0,0,77.3,SL,Slider,1,0,0,0,0,0,1,0,"<a href=""/sporty-videos?playId=74884979-6955-4f55-a8e8-661ae59eaa7b"" target=""_blank""><img src=""/site-core/images/video.png"" class=""video"" /></a>",Strikeout,Josh Naylor,647304,9
167,567407,b934d91b-dfd9-4827-93d3-e64fb832838a,"Romo, Sergio",2019-07-17,63,field_out,135,146,101.1,9,150,Pull,0,0.687,1,1,1,78.2,SL,Slider,1,0,0,0,0,0,0,0,"<a href=""/sporty-videos?playId=b934d91b-dfd9-4827-93d3-e64fb832838a"" target=""_blank""><img src=""/site-core/images/video.png"" class=""video"" /></a>",Field Out,Josh Naylor,647304,9
168,567406,1f81ec45-3d93-4fa7-9330-b55ddb649731,"Conley, Adam",2019-07-16,83,field_out,135,146,92.1,44,301,Opposite,0,0.007,1,0,1,94.1,FF,4-Seam Fastball,1,0,0,0,0,0,0,0,"<a href=""/sporty-videos?playId=1f81ec45-3d93-4fa7-9330-b55ddb649731"" target=""_blank""><img src=""/site-core/images/video.png"" class=""video"" /></a>",Field Out,Josh Naylor,647304,9
169,567406,637a7015-995c-4fb5-8145-c59022c5d794,"Guerrero, Tayron",2019-07-16,69,strikeout,135,146,,,,,,,1,0,0,98.7,FF,4-Seam Fastball,1,0,0,0,0,0,1,0,"<a href=""/sporty-videos?playId=637a7015-995c-4fb5-8145-c59022c5d794"" target=""_blank""><img src=""/site-core/images/video.png"" class=""video"" /></a>",Strikeout,Josh Naylor,647304,9
170,567406,c26a0e9f-1fc3-4b48-b1eb-ebe2d0b9421d,"Hernandez, Elieser",2019-07-16,48,field_out,135,146,69.0,2,38,Pull,0,0.095,1,0,1,76.3,SL,Slider,1,0,0,0,0,0,0,0,"<a href=""/sporty-videos?playId=c26a0e9f-1fc3-4b48-b1eb-ebe2d0b9421d"" target=""_blank""><img src=""/site-core/images/video.png"" class=""video"" /></a>",Field Out,Josh Naylor,647304,9
171,567406,2768bab2-5223-48c5-b76e-1961b7e6ff4c,"Yamamoto, Jordan",2019-07-16,27,grounded_into_double_play,135,146,109.5,-9,17,Pull,0,0.322,1,1,1,92.8,FF,4-Seam Fastball,1,0,0,0,0,0,0,0,"<a href=""/sporty-videos?playId=2768bab2-5223-48c5-b76e-1961b7e6ff4c"" target=""_blank""><img src=""/site-core/images/video.png"" class=""video"" /></a>",Grounded Into Double Play,Josh Naylor,647304,9
172,567406,bf01f205-3307-4f26-9def-ad592e2ef9a5,"Yamamoto, Jordan",2019-07-16,11,single,135,146,112.3,0,50,Pull,0,0.533,1,1,1,91.2,FF,4-Seam Fastball,1,1,1,0,0,0,0,0,"<a href=""/sporty-videos?playId=bf01f205-3307-4f26-9def-ad592e2ef9a5"" target=""_blank""><img src=""/site-core/images/video.png"" class=""video"" /></a>",Single,Josh Naylor,647304,9
173,566324,d5cae449-e39e-4d3c-bd10-1c4a71a85a69,"Newcomb, Sean",2019-07-14,66,single,135,144,89.0,3,93,Straightaway,0,0.347,1,0,1,95.9,FF,4-Seam Fastball,1,1,1,0,0,0,0,0,"<a href=""/sporty-videos?playId=d5cae449-e39e-4d3c-bd10-1c4a71a85a69"" target=""_blank""><img src=""/site-core/images/video.png"" class=""video"" /></a>",Single,Josh Naylor,647304,9
174,566324,811caef2-25f9-46a1-aeb1-943f9c781395,"Soroka, Mike",2019-07-14,46,strikeout,135,144,,,,,,,1,0,0,81.0,CH,Changeup,1,0,0,0,0,0,1,0,"<a href=""/sporty-videos?playId=811caef2-25f9-46a1-aeb1-943f9c781395"" target=""_blank""><img src=""/site-core/images/video.png"" class=""video"" /></a>",Strikeout,Josh Naylor,647304,9
175,566324,f2683b51-f621-43cc-95a8-1dd4db4770be,"Soroka, Mike",2019-07-14,29,single,135,144,90.8,16,255,Straightaway,0,0.807,1,0,1,91.9,FF,4-Seam Fastball,1,1,1,0,0,0,0,0,"<a href=""/sporty-videos?playId=f2683b51-f621-43cc-95a8-1dd4db4770be"" target=""_blank""><img src=""/site-core/images/video.png"" class=""video"" /></a>",Single,Josh Naylor,647304,9
176,566324,f696cdbb-00e4-4d64-b060-6b1f5c9fd0af,"Soroka, Mike",2019-07-14,12,single,135,144,99.1,-2,30,Straightaway,0,0.354,1,1,1,92.0,FT,2-Seam Fastball,1,1,1,0,0,0,0,0,"<a href=""/sporty-videos?playId=f696cdbb-00e4-4d64-b060-6b1f5c9fd0af"" target=""_blank""><img src=""/site-core/images/video.png"" class=""video"" /></a>",Single,Josh Naylor,647304,9
177,566323,ffb6e84b-c9b2-4e8a-89be-f60a3dd02815,"Teheran, Julio",2019-07-13,38,sac_fly,135,144,81.7,44,265,Opposite,0,0.0,0,0,1,88.2,FF,4-Seam Fastball,0,0,0,0,0,0,0,0,"<a href=""/sporty-videos?playId=ffb6e84b-c9b2-4e8a-89be-f60a3dd02815"" target=""_blank""><img src=""/site-core/images/video.png"" class=""video"" /></a>",Sac Fly,Josh Naylor,647304,9
178,565846,6dca3e66-9954-4b21-8394-8e0e1b0837b4,"Maeda, Kenta",2019-07-06,50,single,135,119,69.7,25,229,Pull,0,0.947,1,0,1,84.5,FS,Split-Finger,1,1,1,0,0,0,0,0,"<a href=""/sporty-videos?playId=6dca3e66-9954-4b21-8394-8e0e1b0837b4"" target=""_blank""><img src=""/site-core/images/video.png"" class=""video"" /></a>",Single,Josh Naylor,647304,9
179,565846,ad9a3881-5f17-4ee5-a837-1b4683a869cb,"Maeda, Kenta",2019-07-06,28,walk,135,119,,,,,,,0,0,0,91.1,FF,4-Seam Fastball,0,0,0,0,0,0,0,1,"<a href=""/sporty-videos?playId=ad9a3881-5f17-4ee5-a837-1b4683a869cb"" target=""_blank""><img src=""/site-core/images/video.png"" class=""video"" /></a>",Walk,Josh Naylor,647304,9
180,565846,7071e152-afcc-4a06-a0f5-ac3c84a28fb4,"Maeda, Kenta",2019-07-06,9,strikeout,135,119,,,,,,,1,0,0,85.5,FS,Split-Finger,1,0,0,0,0,0,1,0,"<a href=""/sporty-videos?playId=7071e152-afcc-4a06-a0f5-ac3c84a28fb4"" target=""_blank""><img src=""/site-core/images/video.png"" class=""video"" /></a>",Strikeout,Josh Naylor,647304,9
181,565845,b8f582d9-6707-4593-bebd-7ffe0870547f,"Kershaw, Clayton",2019-07-05,51,strikeout,135,119,,,,,,,1,0,0,86.1,SL,Slider,1,0,0,0,0,0,1,0,"<a href=""/sporty-videos?playId=b8f582d9-6707-4593-bebd-7ffe0870547f"" target=""_blank""><img src=""/site-core/images/video.png"" class=""video"" /></a>",Strikeout,Josh Naylor,647304,9
182,566321,2a502bd3-27d1-4c65-a0b9-bb88e0bb6b19,"Moronta, Reyes",2019-07-03,57,field_out,135,137,89.4,5,88,Pull,0,0.36,1,0,1,96.3,FF,4-Seam Fastball,1,0,0,0,0,0,0,0,"<a href=""/sporty-videos?playId=2a502bd3-27d1-4c65-a0b9-bb88e0bb6b19"" target=""_blank""><img src=""/site-core/images/video.png"" class=""video"" /></a>",Field Out,Josh Naylor,647304,9
183,566320,525b2bfc-c331-42ac-b2ca-0f61f437d78f,"Beede, Tyler",2019-07-02,60,double_play,135,137,89.6,28,319,Opposite,0,0.093,1,0,1,95.8,FF,4-Seam Fastball,1,0,0,0,0,0,0,0,"<a href=""/sporty-videos?playId=525b2bfc-c331-42ac-b2ca-0f61f437d78f"" target=""_blank""><img src=""/site-core/images/video.png"" class=""video"" /></a>",Double Play,Josh Naylor,647304,9
184,566320,6495b03f-1a14-4748-b23c-7f0684628604,"Beede, Tyler",2019-07-02,32,field_out,135,137,76.9,-53,2,Straightaway,0,0.122,1,0,1,93.9,FF,4-Seam Fastball,1,0,0,0,0,0,0,0,"<a href=""/sporty-videos?playId=6495b03f-1a14-4748-b23c-7f0684628604"" target=""_blank""><img src=""/site-core/images/video.png"" class=""video"" /></a>",Field Out,Josh Naylor,647304,9
185,566320,585419a6-135c-4eb1-8d8a-4065a5fe866b,"Beede, Tyler",2019-07-02,14,field_out,135,137,107.5,-22,5,Pull,0,0.212,1,1,1,94.0,FF,4-Seam Fastball,1,0,0,0,0,0,0,0,"<a href=""/sporty-videos?playId=585419a6-135c-4eb1-8d8a-4065a5fe866b"" target=""_blank""><img src=""/site-core/images/video.png"" class=""video"" /></a>",Field Out,Josh Naylor,647304,9
186,566319,2e6f7999-befc-4e08-a26c-77cf52857089,"Holland, Derek",2019-07-01,81,field_out,135,137,91.5,-6,19,Straightaway,0,0.242,1,0,1,83.2,SL,Slider,1,0,0,0,0,0,0,0,"<a href=""/sporty-videos?playId=2e6f7999-befc-4e08-a26c-77cf52857089"" target=""_blank""><img src=""/site-core/images/video.png"" class=""video"" /></a>",Field Out,Josh Naylor,647304,9
187,566319,25745d95-6358-4b94-9cd5-3df5d65e226c,"Samardzija, Jeff",2019-07-01,62,double,135,137,109.9,11,215,Pull,0,0.9,1,1,1,89.8,FC,Cutter,1,1,0,1,0,0,0,0,"<a href=""/sporty-videos?playId=25745d95-6358-4b94-9cd5-3df5d65e226c"" target=""_blank""><img src=""/site-core/images/video.png"" class=""video"" /></a>",Double,Josh Naylor,647304,9
188,566318,85941d5e-df00-4962-8289-9ccee5427045,"Mikolas, Miles",2019-06-30,48,single,135,138,104.8,6,204,Straightaway,0,0.607,1,1,1,92.2,FF,4-Seam Fastball,1,1,1,0,0,0,0,0,"<a href=""/sporty-videos?playId=85941d5e-df00-4962-8289-9ccee5427045"" target=""_blank""><img src=""/site-core/images/video.png"" class=""video"" /></a>",Single,Josh Naylor,647304,9
189,566318,05f945f3-ad22-4470-8910-59c9bfb58adb,"Mikolas, Miles",2019-06-30,28,field_out,135,138,71.7,36,244,Opposite,0,0.327,1,0,1,93.8,FF,4-Seam Fastball,1,0,0,0,0,0,0,0,"<a href=""/sporty-videos?playId=05f945f3-ad22-4470-8910-59c9bfb58adb"" target=""_blank""><img src=""/site-core/images/video.png"" class=""video"" /></a>",Field Out,Josh Naylor,647304,9
190,566318,45f3d5ac-c472-4aab-8787-95b756bb4b1c,"Mikolas, Miles",2019-06-30,9,strikeout,135,138,,,,,,,1,0,0,93.2,SI,Sinker,1,0,0,0,0,0,1,0,"<a href=""/sporty-videos?playId=45f3d5ac-c472-4aab-8787-95b756bb4b1c"" target=""_blank""><img src=""/site-core/images/video.png"" class=""video"" /></a>",Strikeout,Josh Naylor,647304,9
191,566317,5bc9b8c4-247e-4293-beb2-780bfa3e9fa4,"Ponce de Leon, Daniel",2019-06-29,42,strikeout,135,138,,,,,,,1,0,0,78.5,CU,Curveball,1,0,0,0,0,0,1,0,"<a href=""/sporty-videos?playId=5bc9b8c4-247e-4293-beb2-780bfa3e9fa4"" target=""_blank""><img src=""/site-core/images/video.png"" class=""video"" /></a>",Strikeout,Josh Naylor,647304,9
192,566317,6cbf9af1-d936-4eb0-9e50-d5d02983b96f,"Ponce de Leon, Daniel",2019-06-29,25,field_out,135,138,101.2,32,361,Straightaway,1,0.647,1,1,1,92.6,FF,4-Seam Fastball,1,0,0,0,0,0,0,0,"<a href=""/sporty-videos?playId=6cbf9af1-d936-4eb0-9e50-d5d02983b96f"" target=""_blank""><img src=""/site-core/images/video.png"" class=""video"" /></a>",Field Out,Josh Naylor,647304,9
193,566317,a938cdbf-2f29-4438-b8de-ee89daaf64cd,"Hudson, Dakota",2019-06-29,13,walk,135,138,,,,,,,0,0,0,88.8,SL,Slider,0,0,0,0,0,0,0,1,"<a href=""/sporty-videos?playId=a938cdbf-2f29-4438-b8de-ee89daaf64cd"" target=""_blank""><img src=""/site-core/images/video.png"" class=""video"" /></a>",Walk,Josh Naylor,647304,9
194,566316,e9865a70-b294-46cb-9504-c8c857c3dfa4,"Wacha, Michael",2019-06-28,54,field_out,135,138,88.8,-26,6,Pull,0,0.069,1,0,1,94.0,FF,4-Seam Fastball,1,0,0,0,0,0,0,0,"<a href=""/sporty-videos?playId=e9865a70-b294-46cb-9504-c8c857c3dfa4"" target=""_blank""><img src=""/site-core/images/video.png"" class=""video"" /></a>",Field Out,Josh Naylor,647304,9
195,566316,dcc1cd70-4e76-4d25-be85-f1134bb84ec3,"Wacha, Michael",2019-06-28,37,field_out,135,138,90.9,30,344,Pull,0,0.073,1,0,1,84.9,CH,Changeup,1,0,0,0,0,0,0,0,"<a href=""/sporty-videos?playId=dcc1cd70-4e76-4d25-be85-f1134bb84ec3"" target=""_blank""><img src=""/site-core/images/video.png"" class=""video"" /></a>",Field Out,Josh Naylor,647304,9
196,566316,a3045dc7-6a7e-498d-a5c7-5ed0ed1cfc29,"Wacha, Michael",2019-06-28,15,single,135,138,104.2,-14,10,Straightaway,0,0.322,1,1,1,90.5,FF,4-Seam Fastball,1,1,1,0,0,0,0,0,"<a href=""/sporty-videos?playId=a3045dc7-6a7e-498d-a5c7-5ed0ed1cfc29"" target=""_blank""><img src=""/site-core/images/video.png"" class=""video"" /></a>",Single,Josh Naylor,647304,9
197,564968,8910f3bf-6b07-4c5c-a129-4ad393fc7899,"Castro, Miguel",2019-06-25,59,force_out,135,110,80.3,1,55,Pull,0,0.23,1,0,1,89.9,CH,Changeup,1,0,0,0,0,0,0,0,"<a href=""/sporty-videos?playId=8910f3bf-6b07-4c5c-a129-4ad393fc7899"" target=""_blank""><img src=""/site-core/images/video.png"" class=""video"" /></a>",Force Out,Josh Naylor,647304,9
198,564968,4ca5b63b-70e6-43ba-b7ab-4c98684ae709,"Rogers, Josh",2019-06-25,43,field_out,135,110,80.0,69,,Opposite,0,0.0,1,0,1,87.0,FF,4-Seam Fastball,1,0,0,0,0,0,0,0,"<a href=""/sporty-videos?playId=4ca5b63b-70e6-43ba-b7ab-4c98684ae709"" target=""_blank""><img src=""/site-core/images/video.png"" class=""video"" /></a>",Field Out,Josh Naylor,647304,9
199,564968,fe6c1376-2bc6-48d2-bf33-9ba4fc88b577,"Rogers, Josh",2019-06-25,26,field_out,135,110,80.0,69,,Opposite,0,0.0,1,0,1,90.0,FF,4-Seam Fastball,1,0,0,0,0,0,0,0,"<a href=""/sporty-videos?playId=fe6c1376-2bc6-48d2-bf33-9ba4fc88b577"" target=""_blank""><img src=""/site-core/images/video.png"" class=""video"" /></a>",Field Out,Josh Naylor,647304,9
200,564968,95242d66-c262-4392-a4c6-063ded4e7f38,"Yacabonis, Jimmy",2019-06-25,12,strikeout,135,110,,,,,,,1,0,0,87.5,CH,Changeup,1,0,0,0,0,0,1,0,"<a href=""/sporty-videos?playId=95242d66-c262-4392-a4c6-063ded4e7f38"" target=""_blank""><img src=""/site-core/images/video.png"" class=""video"" /></a>",Strikeout,Josh Naylor,647304,9
201,566215,2e247f44-a2d2-4a21-a602-304ec54aab04,"Holmes, Clay",2019-06-23,49,field_out,135,134,57.9,-53,2,Pull,0,0.159,1,0,1,93.9,SI,Sinker,1,0,0,0,0,0,0,0,"<a href=""/sporty-videos?playId=2e247f44-a2d2-4a21-a602-304ec54aab04"" target=""_blank""><img src=""/site-core/images/video.png"" class=""video"" /></a>",Field Out,Josh Naylor,647304,9
202,566214,c1fc7a7f-f7a1-4c64-9be8-72e59663d8fd,"Crick, Kyle",2019-06-22,61,walk,135,134,,,,,,,0,0,0,95.2,FF,4-Seam Fastball,0,0,0,0,0,0,0,1,"<a href=""/sporty-videos?playId=c1fc7a7f-f7a1-4c64-9be8-72e59663d8fd"" target=""_blank""><img src=""/site-core/images/video.png"" class=""video"" /></a>",Walk,Josh Naylor,647304,9
203,566214,7b53e4bc-f79f-40e1-af06-3f7c9de5cbf8,"Rodriguez, Richard",2019-06-22,44,walk,135,134,,,,,,,0,0,0,94.1,FF,4-Seam Fastball,0,0,0,0,0,0,0,1,"<a href=""/sporty-videos?playId=7b53e4bc-f79f-40e1-af06-3f7c9de5cbf8"" target=""_blank""><img src=""/site-core/images/video.png"" class=""video"" /></a>",Walk,Josh Naylor,647304,9
204,566214,558daf3c-f48d-4cf3-b1b2-471f28e42235,"Archer, Chris",2019-06-22,24,walk,135,134,,,,,,,0,0,0,94.2,FF,4-Seam Fastball,0,0,0,0,0,0,0,1,"<a href=""/sporty-videos?playId=558daf3c-f48d-4cf3-b1b2-471f28e42235"" target=""_blank""><img src=""/site-core/images/video.png"" class=""video"" /></a>",Walk,Josh Naylor,647304,9
205,566214,47917a20-b442-4fe6-a9b4-dd4a0f3843d5,"Archer, Chris",2019-06-22,8,field_out,135,134,93.6,-29,4,Straightaway,0,0.088,1,0,1,88.3,CH,Changeup,1,0,0,0,0,0,0,0,"<a href=""/sporty-videos?playId=47917a20-b442-4fe6-a9b4-dd4a0f3843d5"" target=""_blank""><img src=""/site-core/images/video.png"" class=""video"" /></a>",Field Out,Josh Naylor,647304,9
206,566315,651b9b20-a205-4458-9846-749958413d30,"Jeffress, Jeremy",2019-06-19,67,field_out,135,158,72.0,-66,1,Straightaway,0,0.275,1,0,1,92.5,FT,2-Seam Fastball,1,0,0,0,0,0,0,0,"<a href=""/sporty-videos?playId=651b9b20-a205-4458-9846-749958413d30"" target=""_blank""><img src=""/site-core/images/video.png"" class=""video"" /></a>",Field Out,Josh Naylor,647304,9
207,566314,13d8dde2-7eec-414c-84d8-2c9dd3db83a2,"Woodruff, Brandon",2019-06-18,44,single,135,158,83.5,14,231,Straightaway,0,0.92,1,0,1,85.7,CH,Changeup,1,1,1,0,0,0,0,0,"<a href=""/sporty-videos?playId=13d8dde2-7eec-414c-84d8-2c9dd3db83a2"" target=""_blank""><img src=""/site-core/images/video.png"" class=""video"" /></a>",Single,Josh Naylor,647304,9
208,566314,01de9e85-9d52-4011-9027-e97e15043cfa,"Woodruff, Brandon",2019-06-18,27,strikeout,135,158,,,,,,,1,0,0,97.5,FF,4-Seam Fastball,1,0,0,0,0,0,1,0,"<a href=""/sporty-videos?playId=01de9e85-9d52-4011-9027-e97e15043cfa"" target=""_blank""><img src=""/site-core/images/video.png"" class=""video"" /></a>",Strikeout,Josh Naylor,647304,9
209,566314,d555465c-be52-4416-98d4-fd28e976c380,"Woodruff, Brandon",2019-06-18,11,strikeout,135,158,,,,,,,1,0,0,87.8,CH,Changeup,1,0,0,0,0,0,1,0,"<a href=""/sporty-videos?playId=d555465c-be52-4416-98d4-fd28e976c380"" target=""_blank""><img src=""/site-core/images/video.png"" class=""video"" /></a>",Strikeout,Josh Naylor,647304,9
210,565451,,"Gray, Jon",2019-06-16,89,intent_walk,135,115,,,,,,,0,0,0,,,,0,0,0,0,0,0,0,1,"<a href=""/sporty-videos?playId=null"" target=""_blank""><img src=""/site-core/images/video.png"" class=""video"" /></a>",Intent Walk,Josh Naylor,647304,9
211,565451,5b4a6f85-0c5a-404b-b914-5901c0eed798,"McGee, Jake",2019-06-16,77,single,135,115,81.1,7,129,Opposite,0,0.302,1,0,1,95.1,FF,4-Seam Fastball,1,1,1,0,0,0,0,0,"<a href=""/sporty-videos?playId=5b4a6f85-0c5a-404b-b914-5901c0eed798"" target=""_blank""><img src=""/site-core/images/video.png"" class=""video"" /></a>",Single,Josh Naylor,647304,9
212,565451,66558b78-fe1f-403c-afc8-6c6d5af07775,"Tinoco, Jesus",2019-06-16,57,walk,135,115,,,,,,,0,0,0,94.3,SI,Sinker,0,0,0,0,0,0,0,1,"<a href=""/sporty-videos?playId=66558b78-fe1f-403c-afc8-6c6d5af07775"" target=""_blank""><img src=""/site-core/images/video.png"" class=""video"" /></a>",Walk,Josh Naylor,647304,9
213,565450,283db89e-1d89-4099-8ddc-a440eb7f94a3,"Shaw, Bryan",2019-06-15,91,field_out,135,115,81.2,-23,8,Straightaway,0,0.046,1,0,1,95.6,FC,Cutter,1,0,0,0,0,0,0,0,"<a href=""/sporty-videos?playId=283db89e-1d89-4099-8ddc-a440eb7f94a3"" target=""_blank""><img src=""/site-core/images/video.png"" class=""video"" /></a>",Field Out,Josh Naylor,647304,9
214,565450,44f8aac9-eb7c-4439-9c86-517cb2a989db,"Estevez, Carlos",2019-06-15,72,walk,135,115,,,,,,,0,0,0,99.0,FF,4-Seam Fastball,0,0,0,0,0,0,0,1,"<a href=""/sporty-videos?playId=44f8aac9-eb7c-4439-9c86-517cb2a989db"" target=""_blank""><img src=""/site-core/images/video.png"" class=""video"" /></a>",Walk,Josh Naylor,647304,9
215,565450,c81bca12-d154-4fbe-b26e-e90e194140a5,"Marquez, German",2019-06-15,60,single,135,115,71.7,35,264,Straightaway,0,0.367,1,0,1,95.4,FF,4-Seam Fastball,1,1,1,0,0,0,0,0,"<a href=""/sporty-videos?playId=c81bca12-d154-4fbe-b26e-e90e194140a5"" target=""_blank""><img src=""/site-core/images/video.png"" class=""video"" /></a>",Single,Josh Naylor,647304,9
216,565450,03d6a214-7a6f-408a-8339-5d114074ff0c,"Marquez, German",2019-06-15,38,strikeout,135,115,,,,,,,1,0,0,85.0,KC,Knuckle Curve,1,0,0,0,0,0,1,0,"<a href=""/sporty-videos?playId=03d6a214-7a6f-408a-8339-5d114074ff0c"" target=""_blank""><img src=""/site-core/images/video.png"" class=""video"" /></a>",Strikeout,Josh Naylor,647304,9
217,565450,5112ed04-3997-4473-b926-0d86aab1d68a,"Marquez, German",2019-06-15,7,field_out,135,115,90.1,-13,8,Straightaway,0,0.164,1,0,1,94.8,FT,2-Seam Fastball,1,0,0,0,0,0,0,0,"<a href=""/sporty-videos?playId=5112ed04-3997-4473-b926-0d86aab1d68a"" target=""_blank""><img src=""/site-core/images/video.png"" class=""video"" /></a>",Field Out,Josh Naylor,647304,9
218,565449,cf94bdd8-e73a-4320-93f2-ddb0eff2b06b,"Davis, Wade",2019-06-14,91,strikeout,135,115,,,,,,,1,0,0,83.0,KC,Knuckle Curve,1,0,0,0,0,0,1,0,"<a href=""/sporty-videos?playId=cf94bdd8-e73a-4320-93f2-ddb0eff2b06b"" target=""_blank""><img src=""/site-core/images/video.png"" class=""video"" /></a>",Strikeout,Josh Naylor,647304,9
219,565449,23e63a12-a6f5-4d75-ab10-75b28d8a40ed,"Dunn, Mike",2019-06-14,82,strikeout,135,115,,,,,,,1,0,0,91.9,FF,4-Seam Fastball,1,0,0,0,0,0,1,0,"<a href=""/sporty-videos?playId=23e63a12-a6f5-4d75-ab10-75b28d8a40ed"" target=""_blank""><img src=""/site-core/images/video.png"" class=""video"" /></a>",Strikeout,Josh Naylor,647304,9
220,565449,9fef3ed8-abc7-447f-acc3-d859dc2b7123,"McGee, Jake",2019-06-14,62,grounded_into_double_play,135,115,68.1,11,126,Pull,0,0.233,1,0,1,93.7,FF,4-Seam Fastball,1,0,0,0,0,0,0,0,"<a href=""/sporty-videos?playId=9fef3ed8-abc7-447f-acc3-d859dc2b7123"" target=""_blank""><img src=""/site-core/images/video.png"" class=""video"" /></a>",Grounded Into Double Play,Josh Naylor,647304,9
221,565449,02f46169-bca1-440b-b8be-05d786162810,"Hoffman, Jeff",2019-06-14,38,strikeout,135,115,,,,,,,1,0,0,94.6,FF,4-Seam Fastball,1,0,0,0,0,0,1,0,"<a href=""/sporty-videos?playId=02f46169-bca1-440b-b8be-05d786162810"" target=""_blank""><img src=""/site-core/images/video.png"" class=""video"" /></a>",Strikeout,Josh Naylor,647304,9
222,565449,dca8a6e6-b5c8-49e0-9278-95e4fe210707,"Hoffman, Jeff",2019-06-14,20,field_out,135,115,89.2,39,,Opposite,0,0.013,1,0,1,94.2,FF,4-Seam Fastball,1,0,0,0,0,0,0,0,"<a href=""/sporty-videos?playId=dca8a6e6-b5c8-49e0-9278-95e4fe210707"" target=""_blank""><img src=""/site-core/images/video.png"" class=""video"" /></a>",Field Out,Josh Naylor,647304,9
223,565449,350df5da-4c72-49f8-acb9-b17651fd7efe,"Hoffman, Jeff",2019-06-14,2,field_out,135,115,71.4,-50,2,Pull,0,0.141,1,0,1,77.3,CU,Curveball,1,0,0,0,0,0,0,0,"<a href=""/sporty-videos?playId=350df5da-4c72-49f8-acb9-b17651fd7efe"" target=""_blank""><img src=""/site-core/images/video.png"" class=""video"" /></a>",Field Out,Josh Naylor,647304,9
224,565448,f0c08c12-6a1e-44be-acd1-3a670860f315,"Oberg, Scott",2019-06-13,74,strikeout,135,115,,,,,,,1,0,0,94.4,FF,4-Seam Fastball,1,0,0,0,0,0,1,0,"<a href=""/sporty-videos?playId=f0c08c12-6a1e-44be-acd1-3a670860f315"" target=""_blank""><img src=""/site-core/images/video.png"" class=""video"" /></a>",Strikeout,Josh Naylor,647304,9
225,566503,d7ad6fec-76d6-461e-9a96-cf5f9abc7186,"Watson, Tony",2019-06-12,59,field_out,135,137,89.6,-43,3,Opposite,0,0.069,1,0,1,92.0,SI,Sinker,1,0,0,0,0,0,0,0,"<a href=""/sporty-videos?playId=d7ad6fec-76d6-461e-9a96-cf5f9abc7186"" target=""_blank""><img src=""/site-core/images/video.png"" class=""video"" /></a>",Field Out,Josh Naylor,647304,9
226,566503,817d9384-a991-467a-bde3-777210061e4f,"Anderson, Shaun",2019-06-12,35,field_out,135,137,86.4,-10,14,Straightaway,0,0.082,1,0,1,92.9,FT,2-Seam Fastball,1,0,0,0,0,0,0,0,"<a href=""/sporty-videos?playId=817d9384-a991-467a-bde3-777210061e4f"" target=""_blank""><img src=""/site-core/images/video.png"" class=""video"" /></a>",Field Out,Josh Naylor,647304,9
227,566503,ed34ebc9-00cc-423a-bf55-468e139c5744,"Anderson, Shaun",2019-06-12,19,field_out,135,137,99.6,-21,8,Pull,0,0.2,1,1,1,93.0,FT,2-Seam Fastball,1,0,0,0,0,0,0,0,"<a href=""/sporty-videos?playId=ed34ebc9-00cc-423a-bf55-468e139c5744"" target=""_blank""><img src=""/site-core/images/video.png"" class=""video"" /></a>",Field Out,Josh Naylor,647304,9
228,566503,98cc3be9-0a47-4d29-8b0f-fb39b754df10,"Anderson, Shaun",2019-06-12,2,double,135,137,105.1,20,412,Straightaway,1,0.827,1,1,1,87.8,CH,Changeup,1,1,0,1,0,0,0,0,"<a href=""/sporty-videos?playId=98cc3be9-0a47-4d29-8b0f-fb39b754df10"" target=""_blank""><img src=""/site-core/images/video.png"" class=""video"" /></a>",Double,Josh Naylor,647304,9
229,566502,86e33e13-8194-4825-9116-ab26f62a9494,"Melancon, Mark",2019-06-11,55,strikeout,135,137,,,,,,,1,0,0,83.1,KC,Knuckle Curve,1,0,0,0,0,0,1,0,"<a href=""/sporty-videos?playId=86e33e13-8194-4825-9116-ab26f62a9494"" target=""_blank""><img src=""/site-core/images/video.png"" class=""video"" /></a>",Strikeout,Josh Naylor,647304,9
230,566502,e3c939a6-9465-453c-b59d-9e7ac70163b9,"Beede, Tyler",2019-06-11,38,field_out,135,137,92.8,6,100,Pull,0,0.52,1,0,1,83.5,CH,Changeup,1,0,0,0,0,0,0,0,"<a href=""/sporty-videos?playId=e3c939a6-9465-453c-b59d-9e7ac70163b9"" target=""_blank""><img src=""/site-core/images/video.png"" class=""video"" /></a>",Field Out,Josh Naylor,647304,9
231,566502,2c6a0af6-9f94-452c-94b1-3a96ef49aec7,"Beede, Tyler",2019-06-11,18,field_out,135,137,82.9,-21,,Pull,0,0.062,1,0,1,94.3,FF,4-Seam Fastball,1,0,0,0,0,0,0,0,"<a href=""/sporty-videos?playId=2c6a0af6-9f94-452c-94b1-3a96ef49aec7"" target=""_blank""><img src=""/site-core/images/video.png"" class=""video"" /></a>",Field Out,Josh Naylor,647304,9
232,566502,34651b5d-7c0c-4bfa-b606-ebe831c9bfbc,"Beede, Tyler",2019-06-11,2,single,135,137,102.3,7,168,Straightaway,0,0.64,1,1,1,94.9,FF,4-Seam Fastball,1,1,1,0,0,0,0,0,"<a href=""/sporty-videos?playId=34651b5d-7c0c-4bfa-b606-ebe831c9bfbc"" target=""_blank""><img src=""/site-core/images/video.png"" class=""video"" /></a>",Single,Josh Naylor,647304,9
233,566312,89817ca4-0f80-430a-9306-bb8c7f0b1995,"Strasburg, Stephen",2019-06-09,51,field_out,135,120,101.8,-24,5,Straightaway,0,0.17,1,1,1,95.4,FF,4-Seam Fastball,1,0,0,0,0,0,0,0,"<a href=""/sporty-videos?playId=89817ca4-0f80-430a-9306-bb8c7f0b1995"" target=""_blank""><img src=""/site-core/images/video.png"" class=""video"" /></a>",Field Out,Josh Naylor,647304,9
234,566311,97e053c9-70d9-44af-b2fe-088fc5e16227,"Suero, Wander",2019-06-08,69,force_out,135,120,80.7,-19,4,Straightaway,0,0.046,1,0,1,89.0,CH,Changeup,1,0,0,0,0,0,0,0,"<a href=""/sporty-videos?playId=97e053c9-70d9-44af-b2fe-088fc5e16227"" target=""_blank""><img src=""/site-core/images/video.png"" class=""video"" /></a>",Force Out,Josh Naylor,647304,9
235,566311,72843cf1-f6c4-4683-9fba-d17fb1cfff2b,"Scherzer, Max",2019-06-08,49,single,135,120,84.8,12,166,Pull,0,0.707,1,0,1,83.5,CH,Changeup,1,1,1,0,0,0,0,0,"<a href=""/sporty-videos?playId=72843cf1-f6c4-4683-9fba-d17fb1cfff2b"" target=""_blank""><img src=""/site-core/images/video.png"" class=""video"" /></a>",Single,Josh Naylor,647304,9
236,566311,3b925b98-5fee-4866-9c57-fab381d1bf40,"Scherzer, Max",2019-06-08,33,field_out,135,120,98.8,41,340,Opposite,0,0.14,1,1,1,93.1,FF,4-Seam Fastball,1,0,0,0,0,0,0,0,"<a href=""/sporty-videos?playId=3b925b98-5fee-4866-9c57-fab381d1bf40"" target=""_blank""><img src=""/site-core/images/video.png"" class=""video"" /></a>",Field Out,Josh Naylor,647304,9
237,566311,b350fbb4-2222-4a6a-80b1-da396a2e09a5,"Scherzer, Max",2019-06-08,16,field_out,135,120,105.6,-5,20,Straightaway,0,0.388,1,1,1,92.1,FC,Cutter,1,0,0,0,0,0,0,0,"<a href=""/sporty-videos?playId=b350fbb4-2222-4a6a-80b1-da396a2e09a5"" target=""_blank""><img src=""/site-core/images/video.png"" class=""video"" /></a>",Field Out,Josh Naylor,647304,9
238,566310,c70fdd3d-2dec-4c40-8276-39e2a1139aae,"Doolittle, Sean",2019-06-07,69,single,135,120,100.9,2,79,Straightaway,0,0.473,1,1,1,96.1,FF,4-Seam Fastball,1,1,1,0,0,0,0,0,"<a href=""/sporty-videos?playId=c70fdd3d-2dec-4c40-8276-39e2a1139aae"" target=""_blank""><img src=""/site-core/images/video.png"" class=""video"" /></a>",Single,Josh Naylor,647304,9
239,566310,302aee6e-90b3-4279-a06f-848c25324b77,"Rainey, Tanner",2019-06-07,53,force_out,135,120,82.9,-21,,Pull,0,0.062,1,0,1,85.9,SL,Slider,1,0,0,0,0,0,0,0,"<a href=""/sporty-videos?playId=302aee6e-90b3-4279-a06f-848c25324b77"" target=""_blank""><img src=""/site-core/images/video.png"" class=""video"" /></a>",Force Out,Josh Naylor,647304,9
240,566310,46f8497a-62ef-4920-8f82-6fb73b642bbc,"Fedde, Erick",2019-06-07,33,strikeout,135,120,,,,,,,1,0,0,93.5,SI,Sinker,1,0,0,0,0,0,1,0,"<a href=""/sporty-videos?playId=46f8497a-62ef-4920-8f82-6fb73b642bbc"" target=""_blank""><img src=""/site-core/images/video.png"" class=""video"" /></a>",Strikeout,Josh Naylor,647304,9
241,566310,80e11891-dc9a-47e6-905d-30072ea57f13,"Fedde, Erick",2019-06-07,13,field_out,135,120,99.9,23,368,Opposite,0,0.56,1,1,1,91.6,SI,Sinker,1,0,0,0,0,0,0,0,"<a href=""/sporty-videos?playId=80e11891-dc9a-47e6-905d-30072ea57f13"" target=""_blank""><img src=""/site-core/images/video.png"" class=""video"" /></a>",Field Out,Josh Naylor,647304,9
242,566309,a424fcf6-503b-41ce-a66c-03a11a4c796b,"Sipp, Tony",2019-06-06,52,field_out,135,120,82.9,-21,,Pull,0,0.062,1,0,1,81.2,SL,Slider,1,0,0,0,0,0,0,0,"<a href=""/sporty-videos?playId=a424fcf6-503b-41ce-a66c-03a11a4c796b"" target=""_blank""><img src=""/site-core/images/video.png"" class=""video"" /></a>",Field Out,Josh Naylor,647304,9
243,566308,199b5890-1fda-4365-8d36-15d8dedf52e2,"Neris, Hector",2019-06-05,81,field_out,135,143,92.3,56,232,Opposite,0,0.0,1,0,1,86.5,FS,Split-Finger,1,0,0,0,0,0,0,0,"<a href=""/sporty-videos?playId=199b5890-1fda-4365-8d36-15d8dedf52e2"" target=""_blank""><img src=""/site-core/images/video.png"" class=""video"" /></a>",Field Out,Josh Naylor,647304,9
244,566308,c5d3d0a8-b815-4498-b7f6-6a3e96900c2c,"Alvarez, Jose",2019-06-05,63,strikeout,135,143,,,,,,,1,0,0,81.6,SL,Slider,1,0,0,0,0,0,1,0,"<a href=""/sporty-videos?playId=c5d3d0a8-b815-4498-b7f6-6a3e96900c2c"" target=""_blank""><img src=""/site-core/images/video.png"" class=""video"" /></a>",Strikeout,Josh Naylor,647304,9
245,566308,bfcf4847-5a6c-42dc-b7db-7c724cd27b55,"Arrieta, Jake",2019-06-05,43,field_out,135,143,77.3,-25,4,Straightaway,0,0.062,1,0,1,87.9,CH,Changeup,1,0,0,0,0,0,0,0,"<a href=""/sporty-videos?playId=bfcf4847-5a6c-42dc-b7db-7c724cd27b55"" target=""_blank""><img src=""/site-core/images/video.png"" class=""video"" /></a>",Field Out,Josh Naylor,647304,9
246,566308,86492ea7-d73d-4062-8d83-ecd4d2f31719,"Arrieta, Jake",2019-06-05,27,home_run,135,143,102.0,22,381,Pull,1,0.72,1,1,1,92.7,SI,Sinker,1,1,0,0,0,1,0,0,"<a href=""/sporty-videos?playId=86492ea7-d73d-4062-8d83-ecd4d2f31719"" target=""_blank""><img src=""/site-core/images/video.png"" class=""video"" /></a>",Home Run,Josh Naylor,647304,9
247,566308,e304f55f-a22b-4c89-bb95-4aabca7e1ed3,"Arrieta, Jake",2019-06-05,13,strikeout,135,143,,,,,,,1,0,0,87.8,CH,Changeup,1,0,0,0,0,0,1,0,"<a href=""/sporty-videos?playId=e304f55f-a22b-4c89-bb95-4aabca7e1ed3"" target=""_blank""><img src=""/site-core/images/video.png"" class=""video"" /></a>",Strikeout,Josh Naylor,647304,9
248,566307,655c1fbf-f5d1-4cb3-9f20-b66915209c7b,"Neris, Hector",2019-06-04,79,single,135,143,63.4,16,129,Opposite,0,0.367,1,0,1,87.0,FS,Split-Finger,1,1,1,0,0,0,0,0,"<a href=""/sporty-videos?playId=655c1fbf-f5d1-4cb3-9f20-b66915209c7b"" target=""_blank""><img src=""/site-core/images/video.png"" class=""video"" /></a>",Single,Josh Naylor,647304,9
249,566306,61d782e4-4ec9-45d3-af93-19ed1c7a2eec,"Nola, Aaron",2019-06-03,48,single,135,143,113.3,-1,33,Pull,0,0.58,1,1,1,86.0,CH,Changeup,1,1,1,0,0,0,0,0,"<a href=""/sporty-videos?playId=61d782e4-4ec9-45d3-af93-19ed1c7a2eec"" target=""_blank""><img src=""/site-core/images/video.png"" class=""video"" /></a>",Single,Josh Naylor,647304,9
250,566305,79ece4be-8786-4156-87b9-733ca640c9ac,"Brigham, Jeff",2019-06-02,70,single,135,146,84.5,15,217,Pull,0,0.94,1,0,1,96.3,FF,4-Seam Fastball,1,1,1,0,0,0,0,0,"<a href=""/sporty-videos?playId=79ece4be-8786-4156-87b9-733ca640c9ac"" target=""_blank""><img src=""/site-core/images/video.png"" class=""video"" /></a>",Single,Josh Naylor,647304,9
251,566305,7439b5c1-fbcb-4d96-bd5a-8032f1664300,"Chen, Wei-Yin",2019-06-02,48,field_out,135,146,80.0,69,,Opposite,0,0.0,1,0,1,91.4,FF,4-Seam Fastball,1,0,0,0,0,0,0,0,"<a href=""/sporty-videos?playId=7439b5c1-fbcb-4d96-bd5a-8032f1664300"" target=""_blank""><img src=""/site-core/images/video.png"" class=""video"" /></a>",Field Out,Josh Naylor,647304,9
252,566305,564faedf-a568-4dbb-bf88-ef2c358606af,"Richards, Trevor",2019-06-02,23,field_out,135,146,91.5,20,329,Straightaway,0,0.333,1,0,1,83.5,CH,Changeup,1,0,0,0,0,0,0,0,"<a href=""/sporty-videos?playId=564faedf-a568-4dbb-bf88-ef2c358606af"" target=""_blank""><img src=""/site-core/images/video.png"" class=""video"" /></a>",Field Out,Josh Naylor,647304,9
253,566305,ae516f88-727a-45eb-a0ee-b6673196d2a4,"Richards, Trevor",2019-06-02,5,strikeout,135,146,,,,,,,1,0,0,83.5,CH,Changeup,1,0,0,0,0,0,1,0,"<a href=""/sporty-videos?playId=ae516f88-727a-45eb-a0ee-b6673196d2a4"" target=""_blank""><img src=""/site-core/images/video.png"" class=""video"" /></a>",Strikeout,Josh Naylor,647304,9
254,566304,f2dedbe4-a750-4675-8e35-e8800f8fa906,"Conley, Adam",2019-06-01,76,field_out,135,146,86.7,-6,22,Pull,0,0.182,1,0,1,96.5,FF,4-Seam Fastball,1,0,0,0,0,0,0,0,"<a href=""/sporty-videos?playId=f2dedbe4-a750-4675-8e35-e8800f8fa906"" target=""_blank""><img src=""/site-core/images/video.png"" class=""video"" /></a>",Field Out,Josh Naylor,647304,9
255,566304,8730e13f-d871-43e7-b7ec-74f4547d6963,"Guerrero, Tayron",2019-06-01,57,strikeout,135,146,,,,,,,1,0,0,100.0,FF,4-Seam Fastball,1,0,0,0,0,0,1,0,"<a href=""/sporty-videos?playId=8730e13f-d871-43e7-b7ec-74f4547d6963"" target=""_blank""><img src=""/site-core/images/video.png"" class=""video"" /></a>",Strikeout,Josh Naylor,647304,9
256,566304,0e3f6f90-5cfd-4c5b-bb75-606a3cf72973,"Urena, Jose",2019-06-01,39,field_out,135,146,88.2,3,63,Straightaway,0,0.322,1,0,1,89.2,CH,Changeup,1,0,0,0,0,0,0,0,"<a href=""/sporty-videos?playId=0e3f6f90-5cfd-4c5b-bb75-606a3cf72973"" target=""_blank""><img src=""/site-core/images/video.png"" class=""video"" /></a>",Field Out,Josh Naylor,647304,9
257,566304,fb578d1b-3dec-41b4-b128-0359e150537a,"Urena, Jose",2019-06-01,13,home_run,135,146,106.0,24,388,Pull,1,0.973,1,1,1,88.0,SL,Slider,1,1,0,0,0,1,0,0,"<a href=""/sporty-videos?playId=fb578d1b-3dec-41b4-b128-0359e150537a"" target=""_blank""><img src=""/site-core/images/video.png"" class=""video"" /></a>",Home Run,Josh Naylor,647304,9
258,566303,8e83a062-d171-4ea3-81bf-478c362d0d63,"Garcia, Jarlin",2019-05-31,60,field_out,135,146,56.3,-81,0,Straightaway,0,0.218,1,0,1,84.7,SL,Slider,1,0,0,0,0,0,0,0,"<a href=""/sporty-videos?playId=8e83a062-d171-4ea3-81bf-478c362d0d63"" target=""_blank""><img src=""/site-core/images/video.png"" class=""video"" /></a>",Field Out,Josh Naylor,647304,9
259,567485,38ed7ca1-9423-4ce9-ad36-b39e51e886c0,"Tanaka, Masahiro",2019-05-28,43,field_out,135,147,82.0,-16,5,Pull,0,0.062,1,0,1,88.5,FS,Split-Finger,1,0,0,0,0,0,0,0,"<a href=""/sporty-videos?playId=38ed7ca1-9423-4ce9-ad36-b39e51e886c0"" target=""_blank""><img src=""/site-core/images/video.png"" class=""video"" /></a>",Field Out,Josh Naylor,647304,9
260,567485,24129cb8-7f27-467e-91b9-5e59476d9cb7,"Tanaka, Masahiro",2019-05-28,27,strikeout,135,147,,,,,,,1,0,0,85.2,SL,Slider,1,0,0,0,0,0,1,0,"<a href=""/sporty-videos?playId=24129cb8-7f27-467e-91b9-5e59476d9cb7"" target=""_blank""><img src=""/site-core/images/video.png"" class=""video"" /></a>",Strikeout,Josh Naylor,647304,9
261,567485,dbfdd9a9-87fd-472e-95ab-2f69362ffa72,"Tanaka, Masahiro",2019-05-28,7,strikeout,135,147,,,,,,,1,0,0,91.4,FF,4-Seam Fastball,1,0,0,0,0,0,1,0,"<a href=""/sporty-videos?playId=dbfdd9a9-87fd-472e-95ab-2f69362ffa72"" target=""_blank""><img src=""/site-core/images/video.png"" class=""video"" /></a>",Strikeout,Josh Naylor,647304,9
262,567484,8b222f9f-2f01-461e-adde-9ab1c1585813,"Kahnle, Tommy",2019-05-27,50,field_out,135,147,69.2,-49,2,Straightaway,0,0.159,1,0,1,90.6,CH,Changeup,1,0,0,0,0,0,0,0,"<a href=""/sporty-videos?playId=8b222f9f-2f01-461e-adde-9ab1c1585813"" target=""_blank""><img src=""/site-core/images/video.png"" class=""video"" /></a>",Field Out,Josh Naylor,647304,9
263,567484,f9a9cafc-f194-46b1-824b-9bc2b67954d0,"Hale, David",2019-05-27,29,field_out,135,147,86.2,12,152,Pull,0,0.8,1,0,1,93.4,FF,4-Seam Fastball,1,0,0,0,0,0,0,0,"<a href=""/sporty-videos?playId=f9a9cafc-f194-46b1-824b-9bc2b67954d0"" target=""_blank""><img src=""/site-core/images/video.png"" class=""video"" /></a>",Field Out,Josh Naylor,647304,9
264,567484,6047d392-bcc9-4c88-9ff7-8b444d16e9ba,"Hale, David",2019-05-27,11,double,135,147,92.0,21,318,Pull,0,0.267,1,0,1,92.4,FT,2-Seam Fastball,1,1,0,1,0,0,0,0,"<a href=""/sporty-videos?playId=6047d392-bcc9-4c88-9ff7-8b444d16e9ba"" target=""_blank""><img src=""/site-core/images/video.png"" class=""video"" /></a>",Double,Josh Naylor,647304,9
265,566891,288066eb-4d3e-496b-a418-db5213580446,"Biagini, Joe",2019-05-26,63,strikeout,135,141,,,,,,,1,0,0,93.8,FT,2-Seam Fastball,1,0,0,0,0,0,1,0,"<a href=""/sporty-videos?playId=288066eb-4d3e-496b-a418-db5213580446"" target=""_blank""><img src=""/site-core/images/video.png"" class=""video"" /></a>",Strikeout,Josh Naylor,647304,9
266,566891,0152c25a-acbb-49ff-8f9c-983e665c5b6e,"Stroman, Marcus",2019-05-26,38,field_out,135,141,106.4,-7,18,Straightaway,0,0.288,1,1,1,90.5,FT,2-Seam Fastball,1,0,0,0,0,0,0,0,"<a href=""/sporty-videos?playId=0152c25a-acbb-49ff-8f9c-983e665c5b6e"" target=""_blank""><img src=""/site-core/images/video.png"" class=""video"" /></a>",Field Out,Josh Naylor,647304,9
267,566891,baeacf6d-8620-4ab6-a6eb-1dbbc15a6488,"Stroman, Marcus",2019-05-26,21,strikeout,135,141,,,,,,,1,0,0,85.4,CH,Changeup,1,0,0,0,0,0,1,0,"<a href=""/sporty-videos?playId=baeacf6d-8620-4ab6-a6eb-1dbbc15a6488"" target=""_blank""><img src=""/site-core/images/video.png"" class=""video"" /></a>",Strikeout,Josh Naylor,647304,9
268,566891,fa5a9412-a7f1-47f4-a616-52092662a98d,"Stroman, Marcus",2019-05-26,2,field_out,135,141,87.6,21,320,Pull,0,0.273,1,0,1,89.3,CH,Changeup,1,0,0,0,0,0,0,0,"<a href=""/sporty-videos?playId=fa5a9412-a7f1-47f4-a616-52092662a98d"" target=""_blank""><img src=""/site-core/images/video.png"" class=""video"" /></a>",Field Out,Josh Naylor,647304,9
269,566890,ad8c2786-1509-4c9b-8722-14a3911f0c10,"Gaviglio, Sam",2019-05-25,72,single,135,141,41.6,-45,2,Opposite,0,0.2,1,0,1,83.5,SL,Slider,1,1,1,0,0,0,0,0,"<a href=""/sporty-videos?playId=ad8c2786-1509-4c9b-8722-14a3911f0c10"" target=""_blank""><img src=""/site-core/images/video.png"" class=""video"" /></a>",Single,Josh Naylor,647304,9
270,566890,cad693b6-ca9b-41a6-9b97-de67b10f6304,"Rosscup, Zac",2019-05-25,60,single,135,141,102.4,-3,33,Opposite,0,0.322,1,1,1,93.3,FT,2-Seam Fastball,1,1,1,0,0,0,0,0,"<a href=""/sporty-videos?playId=cad693b6-ca9b-41a6-9b97-de67b10f6304"" target=""_blank""><img src=""/site-core/images/video.png"" class=""video"" /></a>",Single,Josh Naylor,647304,9
271,566890,1bfbf4d6-a9b4-4f2e-b443-a245c3cdfb73,"Law, Derek",2019-05-25,47,strikeout,135,141,,,,,,,1,0,0,84.7,CH,Changeup,1,0,0,0,0,0,1,0,"<a href=""/sporty-videos?playId=1bfbf4d6-a9b4-4f2e-b443-a245c3cdfb73"" target=""_blank""><img src=""/site-core/images/video.png"" class=""video"" /></a>",Strikeout,Josh Naylor,647304,9
272,566890,937e1bbb-d5df-4b82-973f-15f8eb88a6e0,"Pannone, Thomas",2019-05-25,35,strikeout,135,141,,,,,,,1,0,0,90.5,FF,4-Seam Fastball,1,0,0,0,0,0,1,0,"<a href=""/sporty-videos?playId=937e1bbb-d5df-4b82-973f-15f8eb88a6e0"" target=""_blank""><img src=""/site-core/images/video.png"" class=""video"" /></a>",Strikeout,Josh Naylor,647304,9
273,566890,94935c27-d698-4983-b6c2-f80d1711baf2,"Jackson, Edwin",2019-05-25,18,field_out,135,141,82.7,21,287,Pull,0,0.607,1,0,1,85.0,CH,Changeup,1,0,0,0,0,0,0,0,"<a href=""/sporty-videos?playId=94935c27-d698-4983-b6c2-f80d1711baf2"" target=""_blank""><img src=""/site-core/images/video.png"" class=""video"" /></a>",Field Out,Josh Naylor,647304,9
274,566890,1cb9e6fa-be07-4f62-afef-a7be911d97d3,"Jackson, Edwin",2019-05-25,2,double,135,141,108.5,16,406,Straightaway,1,0.62,1,1,1,89.6,FC,Cutter,1,1,0,1,0,0,0,0,"<a href=""/sporty-videos?playId=1cb9e6fa-be07-4f62-afef-a7be911d97d3"" target=""_blank""><img src=""/site-core/images/video.png"" class=""video"" /></a>",Double,Josh Naylor,647304,9
275,566889,75e70237-d96c-40d6-a04a-0e9e09ca63ef,"Hudson, Daniel",2019-05-24,58,field_out,135,141,80.0,69,,Opposite,0,0.0,1,0,1,94.4,FF,4-Seam Fastball,1,0,0,0,0,0,0,0,"<a href=""/sporty-videos?playId=75e70237-d96c-40d6-a04a-0e9e09ca63ef"" target=""_blank""><img src=""/site-core/images/video.png"" class=""video"" /></a>",Field Out,Josh Naylor,647304,9
276,566889,b21e6046-4868-4872-8968-42930c832675,"Thornton, Trent",2019-05-24,42,strikeout,135,141,,,,,,,1,0,0,81.0,SL,Slider,1,0,0,0,0,0,1,0,"<a href=""/sporty-videos?playId=b21e6046-4868-4872-8968-42930c832675"" target=""_blank""><img src=""/site-core/images/video.png"" class=""video"" /></a>",Strikeout,Josh Naylor,647304,9
277,566889,c059ac45-a10c-424b-b64b-751ee14006fc,"Thornton, Trent",2019-05-24,24,field_out,135,141,88.9,28,319,Opposite,0,0.087,1,0,1,92.9,FF,4-Seam Fastball,1,0,0,0,0,0,0,0,"<a href=""/sporty-videos?playId=c059ac45-a10c-424b-b64b-751ee14006fc"" target=""_blank""><img src=""/site-core/images/video.png"" class=""video"" /></a>",Field Out,Josh Naylor,647304,9
278,566889,4a155fd2-1f6e-4a49-98b1-fa5410518e31,"Thornton, Trent",2019-05-24,9,strikeout,135,141,,,,,,,1,0,0,81.7,SL,Slider,1,0,0,0,0,0,1,0,"<a href=""/sporty-videos?playId=4a155fd2-1f6e-4a49-98b1-fa5410518e31"" target=""_blank""><img src=""/site-core/images/video.png"" class=""video"" /></a>",Strikeout,Josh Naylor,647304,9
